# Blender 3.4.1
# www.blender.org
mtllib crowbar.mtl
o Cylinder
v 0.005513 -0.753523 0.933042
v 0.005097 0.900189 -1.318118
v -0.028454 -0.744340 0.939780
v -0.040227 -0.733805 0.947510
v -0.040615 0.919575 -1.303382
v -0.028830 0.909113 -1.311287
v -0.049614 -0.704023 0.969361
v -0.045550 -0.690098 0.979578
v -0.046000 0.963100 -1.270652
v -0.050096 0.949385 -1.280945
v -0.021314 -0.668407 0.995489
v -0.021553 0.983985 -1.255046
v -0.001097 1.117820 -1.573536
v -0.046020 1.126172 -1.549010
v -0.034589 1.120652 -1.561299
v -0.050180 1.152570 -1.501084
v -0.054629 1.143796 -1.515761
v -0.025298 1.167362 -1.480072
v -0.021669 1.067384 -1.367944
v -0.046292 1.049147 -1.385992
v -0.041400 1.013065 -1.425584
v -0.029758 1.004751 -1.435469
v -0.050530 1.037579 -1.398264
v 0.003995 0.998474 -1.444742
v -0.022050 1.284591 -1.661456
v -0.065504 1.280308 -1.629479
v -0.054731 1.280446 -1.645105
v -0.067385 1.287094 -1.569989
v -0.072491 1.283979 -1.588003
v -0.041691 1.294909 -1.544863
v -0.068656 1.480621 -1.618605
v -0.105695 1.449725 -1.593030
v -0.097795 1.461782 -1.605789
v -0.097619 1.415204 -1.543476
v -0.105598 1.424006 -1.558622
v -0.068383 1.408324 -1.521884
v -0.114657 1.588846 -1.460104
v -0.146486 1.547815 -1.455380
v -0.140918 1.564406 -1.458802
v -0.130327 1.497594 -1.438189
v -0.140638 1.510924 -1.443998
v -0.098219 1.485140 -1.428109
v -0.136494 1.592625 -1.321069
v -0.168146 1.555393 -1.324354
v -0.162715 1.570265 -1.324199
v -0.151310 1.511205 -1.319569
v -0.161849 1.522788 -1.321802
v -0.118786 1.500929 -1.313885
v -0.128271 1.511282 -1.526756
v -0.121629 1.526533 -1.535492
v -0.125068 1.477685 -1.502270
v -0.115829 1.465688 -1.491147
v -0.085040 1.454869 -1.474516
v -0.094043 1.549311 -1.543348
v -0.083630 1.369636 -1.630655
v -0.074101 1.375975 -1.646455
v -0.087548 1.358015 -1.588750
v -0.081197 1.354929 -1.570563
v -0.053969 1.355098 -1.545223
v -0.042954 1.387766 -1.663019
v -0.053357 1.197638 -1.597610
v -0.042090 1.193862 -1.611184
v -0.061561 1.210963 -1.561194
v -0.056948 1.217993 -1.545233
v -0.031863 1.230636 -1.522637
v -0.008800 1.193180 -1.625004
v -0.047338 1.101622 -1.450550
v -0.031299 1.063925 -1.505870
v -0.051687 1.091554 -1.464131
v 0.002317 1.059498 -1.516755
v -0.022579 1.118009 -1.430889
v -0.042830 1.070739 -1.494676
v -0.158614 1.556816 -1.386969
v -0.153370 1.572968 -1.387636
v -0.151973 1.521045 -1.382394
v -0.141342 1.508181 -1.379344
v -0.108845 1.496323 -1.372665
v -0.127516 1.596894 -1.385534
v 0.009288 -1.262142 1.584848
v -0.028756 -1.266958 1.583247
v -0.040721 -1.263195 1.586587
v -0.047871 -1.240212 1.602827
v -0.043172 -1.220476 1.615792
v -0.008616 -1.207044 1.628848
v -0.034949 -1.400918 1.702137
v -0.048455 -1.401651 1.701623
v -0.050185 -1.396741 1.705282
v -0.037712 -1.392309 1.708399
v -0.056367 -1.315235 1.642712
v -0.046209 -1.304440 1.655198
v -0.037539 -1.331171 1.628644
v -0.051444 -1.330232 1.629634
v -0.045016 -1.172372 1.592191
v -0.014161 -1.158443 1.606808
v 0.006488 -1.220852 1.554498
v -0.028887 -1.223298 1.554335
v -0.040407 -1.217794 1.558428
v -0.048561 -1.191271 1.576439
v 0.014810 -0.755579 0.931535
v 0.014384 0.898197 -1.319649
v 0.008083 1.117323 -1.576393
v 0.013239 0.997132 -1.446872
v -0.013068 1.285806 -1.665322
v -0.060544 1.485441 -1.621605
v -0.107251 1.595039 -1.460279
v -0.128992 1.598329 -1.320140
v -0.086312 1.555097 -1.545130
v -0.034349 1.390856 -1.666938
v 0.000330 1.193210 -1.628250
v 0.011528 1.058610 -1.519280
v -0.120210 1.602961 -1.384873
v 0.019999 -1.260681 1.585444
v 0.016290 -1.220024 1.554702
v -0.014592 0.989306 -1.251073
v -0.014405 -0.662887 0.999539
v -0.018230 1.171189 -1.474773
v -0.014665 1.072056 -1.363372
v -0.034424 1.297024 -1.538555
v -0.060247 1.406835 -1.516443
v -0.089378 1.482283 -1.425491
v -0.109738 1.498628 -1.312330
v -0.076523 1.452414 -1.470292
v -0.046325 1.355338 -1.538862
v -0.024745 1.233935 -1.516949
v -0.015541 1.122227 -1.425922
v -0.099909 1.493612 -1.370881
v 0.001441 -1.204188 1.631898
v -0.005278 -1.155381 1.610071
v -0.044115 -1.343019 1.677860
v -0.037284 -1.362934 1.658300
v -0.051201 -1.362849 1.658420
v -0.054945 -1.351523 1.667885
v -0.050900 -1.279803 1.623017
v 0.010413 -1.294952 1.609729
v -0.043868 -1.264260 1.635616
v -0.003769 -1.251790 1.646765
v -0.031843 -1.301942 1.605654
v -0.044650 -1.299404 1.607963
v 0.022742 -1.292838 1.611021
v 0.007972 -1.248879 1.649363
v 0.006260 -1.192686 1.523152
v 0.006291 -1.154671 1.474118
v -0.028100 -1.188097 1.526353
v -0.027730 -1.146090 1.480284
v -0.039321 -1.136359 1.487392
v -0.039592 -1.180042 1.532122
v -0.048003 -1.153368 1.551386
v -0.047998 -1.108874 1.507567
v -0.043981 -1.094516 1.518070
v -0.044267 -1.136871 1.563993
v -0.018052 -1.115640 1.579915
v -0.020054 -1.070905 1.535211
v 0.015610 -1.156576 1.472750
v 0.015715 -1.193599 1.522515
v -0.010525 -1.110467 1.583757
v -0.013206 -1.064939 1.539542
v -0.244453 1.513577 -0.998162
v -0.231003 1.518145 -0.996754
v -0.229833 1.510293 -0.993834
v -0.243807 1.509242 -0.996549
v -0.221077 1.533557 -1.165052
v -0.209357 1.544980 -1.163862
v -0.135654 1.505901 -1.149848
v -0.145412 1.505834 -1.151646
v -0.216965 1.512100 -1.163161
v -0.201917 1.506150 -1.160430
v -0.159499 1.566679 -1.157125
v -0.148196 1.571334 -1.155597
v -0.183257 1.547758 -1.241592
v -0.122782 1.501438 -1.229392
v -0.177902 1.519905 -1.239252
v -0.167199 1.510359 -1.237022
v -0.148050 1.581194 -1.237690
v -0.176897 1.560800 -1.241262
v -0.132996 1.502895 -1.231115
v -0.139150 1.586570 -1.236540
v -0.186894 1.554618 -1.208508
v -0.139617 1.503998 -1.198139
v -0.142862 1.579911 -1.202771
v -0.194720 1.542431 -1.209095
v -0.128117 1.503157 -1.196241
v -0.189896 1.517313 -1.206955
v -0.178159 1.509135 -1.204624
v -0.153178 1.574592 -1.204149
v -0.216602 1.537931 -1.119733
v -0.229061 1.528159 -1.121047
v -0.225815 1.510989 -1.119233
v -0.210727 1.506855 -1.116457
v -0.177157 1.551390 -1.270774
v -0.118103 1.500175 -1.258795
v -0.171365 1.521359 -1.268373
v -0.160834 1.510858 -1.266169
v -0.144031 1.586454 -1.267186
v -0.171323 1.565246 -1.270521
v -0.127748 1.502028 -1.260432
v -0.135807 1.591970 -1.266138
v -0.197656 1.549717 -1.185020
v -0.145047 1.504754 -1.174114
v -0.145647 1.575392 -1.178083
v -0.207323 1.537956 -1.185900
v -0.132029 1.504470 -1.172011
v -0.202863 1.514726 -1.183910
v -0.189583 1.507664 -1.181403
v -0.157573 1.569989 -1.179703
v 0.012810 0.898361 -1.319520
v 0.005309 -0.078985 0.015035
v -0.036989 0.912419 -1.308773
v -0.040460 -0.059267 0.029694
v -0.036619 -0.740970 0.942253
v -0.028652 -0.069867 0.021830
v -0.051186 0.957060 -1.275173
v -0.045919 -0.015268 0.062274
v -0.050691 -0.696321 0.975012
v -0.049987 -0.029140 0.052011
v -0.015682 -0.663661 0.998971
v -0.021528 0.005878 0.077895
v -0.011437 -0.749038 0.936333
v -0.011833 0.904546 -1.314782
v -0.045058 -0.718942 0.958415
v -0.045494 0.934452 -1.292184
v -0.033466 -0.679146 0.987612
v -0.033810 0.973647 -1.262770
v 0.006522 1.117300 -1.576098
v -0.042610 1.122048 -1.557090
v -0.055503 1.148440 -1.507299
v -0.017812 1.119174 -1.567535
v -0.050463 1.134956 -1.532406
v -0.037769 1.160028 -1.490461
v -0.021444 1.011063 -1.292896
v -0.048382 1.125649 -1.476354
v -0.040887 0.946845 -1.339970
v -0.032557 1.090829 -1.534164
v -0.052779 1.116226 -1.490492
v 0.000999 1.087195 -1.545736
v -0.021987 1.094859 -1.403277
v -0.046066 0.990213 -1.308182
v -0.042006 1.044442 -1.464320
v -0.029123 0.936437 -1.347597
v -0.050243 0.976538 -1.318206
v 0.004854 0.927593 -1.354075
v 0.011669 0.997215 -1.446667
v -0.046103 1.025294 -1.411945
v -0.012849 1.001526 -1.440202
v -0.051532 1.043937 -1.391277
v -0.037861 1.007227 -1.432190
v -0.034013 1.058352 -1.376872
v -0.014605 1.285569 -1.664901
v -0.062498 1.279655 -1.639606
v -0.072961 1.285151 -1.577494
v -0.038365 1.282506 -1.653427
v -0.069136 1.282115 -1.608762
v -0.054562 1.291014 -1.557280
v -0.049120 1.160021 -1.574526
v -0.047636 1.235591 -1.631163
v -0.057571 1.175889 -1.539936
v -0.053057 1.183951 -1.524716
v -0.028096 1.197865 -1.503033
v -0.014559 1.236901 -1.646281
v -0.061971 1.484753 -1.621292
v -0.104451 1.456383 -1.601398
v -0.104306 1.417868 -1.549873
v -0.083225 1.471292 -1.612318
v -0.105785 1.436838 -1.575847
v -0.083000 1.411674 -1.532559
v -0.073890 1.325041 -1.634668
v -0.085651 1.421035 -1.631035
v -0.079567 1.321422 -1.591970
v -0.073929 1.321582 -1.573462
v -0.047580 1.325752 -1.547725
v -0.055523 1.436651 -1.646033
v -0.108590 1.594180 -1.460319
v -0.146672 1.557253 -1.458020
v -0.137915 1.502007 -1.440976
v -0.127808 1.576756 -1.459493
v -0.143700 1.529341 -1.449710
v -0.114252 1.491237 -1.433109
v -0.117230 1.483203 -1.561928
v -0.132094 1.549316 -1.496930
v -0.115494 1.452820 -1.532066
v -0.106850 1.442126 -1.518764
v -0.076794 1.432915 -1.499445
v -0.105239 1.573194 -1.501424
v -0.130393 1.597521 -1.320326
v -0.168436 1.563768 -1.324801
v -0.159007 1.514940 -1.320977
v -0.149634 1.581559 -1.322645
v -0.165136 1.539061 -1.323098
v -0.135034 1.505950 -1.316720
v -0.153160 1.554822 -1.420531
v -0.158137 1.572219 -1.355205
v -0.146687 1.518035 -1.413455
v -0.136123 1.504755 -1.409391
v -0.103707 1.492376 -1.401462
v -0.132205 1.595382 -1.352414
v -0.138143 1.533174 -1.490921
v -0.109994 1.497150 -1.572844
v -0.133480 1.497381 -1.473157
v -0.123649 1.484494 -1.464760
v -0.092130 1.472579 -1.451489
v -0.081675 1.518322 -1.583387
v -0.087692 1.554289 -1.544969
v -0.107847 1.538040 -1.539506
v -0.100423 1.460160 -1.482745
v -0.123003 1.469587 -1.495988
v -0.126807 1.494455 -1.514534
v -0.127799 1.519899 -1.532657
v -0.094353 1.411592 -1.616507
v -0.063647 1.328136 -1.650789
v -0.096233 1.392319 -1.577735
v -0.089055 1.386130 -1.560819
v -0.060807 1.382474 -1.537046
v -0.031621 1.335925 -1.667751
v -0.035838 1.390385 -1.666510
v -0.058513 1.381912 -1.654884
v -0.067597 1.354973 -1.557745
v -0.087255 1.355384 -1.578135
v -0.085727 1.363797 -1.609723
v -0.081387 1.372787 -1.640888
v -0.058731 1.237752 -1.616537
v -0.037753 1.155213 -1.587358
v -0.066509 1.247093 -1.577524
v -0.061723 1.252508 -1.560511
v -0.036425 1.263158 -1.536617
v -0.004340 1.153260 -1.600266
v -0.001224 1.193121 -1.627906
v -0.025416 1.193474 -1.618222
v -0.044435 1.224362 -1.533806
v -0.062334 1.214538 -1.551944
v -0.057597 1.204273 -1.579423
v -0.050048 1.194583 -1.606478
v -0.046685 1.077646 -1.422218
v -0.030425 1.036959 -1.474929
v -0.050984 1.066909 -1.435215
v 0.003252 1.031706 -1.485095
v -0.023564 1.141243 -1.456006
v -0.044041 1.096999 -1.522413
v 0.009963 1.058636 -1.519027
v -0.047397 1.081118 -1.479424
v -0.014460 1.061638 -1.511420
v -0.052622 1.096992 -1.456342
v -0.039359 1.065821 -1.502084
v -0.034990 1.109889 -1.440612
v -0.163430 1.556687 -1.355097
v -0.147847 1.571378 -1.422209
v -0.156894 1.522448 -1.351908
v -0.146300 1.510201 -1.349421
v -0.113827 1.499098 -1.343437
v -0.121905 1.595792 -1.421355
v -0.121537 1.602118 -1.385017
v -0.140466 1.585057 -1.386601
v -0.125070 1.502126 -1.375988
v -0.149053 1.512410 -1.381065
v -0.155431 1.538902 -1.384702
v -0.158998 1.565978 -1.387919
v -0.037667 -1.267393 1.583400
v -0.049383 -1.229443 1.609610
v -0.000415 -1.204668 1.631427
v -0.009739 -1.264567 1.584024
v -0.044160 -1.252847 1.594109
v -0.026224 -1.212640 1.622911
v -0.011422 -1.182738 1.618516
v -0.028727 -1.245128 1.569205
v -0.040418 -1.240625 1.572859
v -0.048107 -1.215649 1.589955
v -0.046081 -1.402641 1.700875
v -0.048643 -1.395027 1.706481
v -0.049487 -1.399215 1.703453
v -0.048743 -1.261251 1.613543
v -0.041221 -1.366556 1.692417
v 0.010166 -1.280023 1.597665
v -0.036153 -1.381390 1.678956
v -0.049877 -1.381695 1.678748
v -0.056487 -1.332632 1.653985
v -0.045242 -1.284819 1.645283
v -0.001329 -1.272827 1.655535
v -0.034986 -1.316711 1.616711
v -0.048405 -1.314996 1.618342
v -0.053955 -1.323193 1.635431
v -0.048484 -1.332880 1.627465
v -0.056118 -1.309517 1.649289
v -0.044150 -1.195840 1.604617
v 0.007793 -1.241047 1.570170
v -0.050403 -1.180639 1.584632
v -0.044346 -1.205465 1.566635
v -0.037236 -1.223022 1.554884
v -0.006870 -1.155862 1.609591
v -0.011189 -1.222103 1.554386
v -0.029897 -1.164480 1.600304
v 0.013234 -0.755406 0.931661
v 0.018062 -1.260986 1.585279
v 0.014583 -1.220227 1.554605
v 0.023455 -1.305840 1.624003
v 0.017955 -1.239803 1.570584
v -0.114577 1.601979 -1.421001
v 0.012477 1.030615 -1.487444
v 0.004821 1.152978 -1.603287
v -0.022801 1.338034 -1.671767
v -0.073763 1.523713 -1.585828
v -0.124867 1.601264 -1.351581
v -0.097686 1.579250 -1.502383
v -0.047169 1.440680 -1.649568
v -0.005481 1.237420 -1.649845
v 0.014157 0.925622 -1.355518
v 0.010195 1.086502 -1.548430
v 0.014605 -0.081024 0.013513
v -0.015876 0.988556 -1.251631
v -0.019527 1.170625 -1.475497
v -0.015954 1.071387 -1.364006
v -0.035746 1.296675 -1.539406
v -0.061677 1.406936 -1.517185
v -0.090897 1.482556 -1.425880
v -0.111333 1.498820 -1.312594
v -0.078001 1.452635 -1.470882
v -0.047694 1.355223 -1.539719
v -0.026049 1.233438 -1.517722
v -0.016835 1.121615 -1.426605
v -0.101439 1.493866 -1.371166
v 0.011019 -1.269958 1.657824
v -0.001981 -1.179974 1.621660
v -0.094791 1.489537 -1.399372
v -0.014964 1.099280 -1.398486
v -0.021008 1.201476 -1.497570
v -0.040152 1.326973 -1.541267
v -0.068457 1.430853 -1.494562
v -0.104884 1.496575 -1.341822
v -0.083434 1.469855 -1.448089
v -0.052913 1.381775 -1.531070
v -0.029255 1.265969 -1.530611
v -0.014437 1.016375 -1.289001
v -0.016511 1.145266 -1.450870
v -0.014580 0.011263 0.081872
v -0.045854 -1.323035 1.665711
v -0.038081 -1.346327 1.641943
v -0.052115 -1.345887 1.642442
v -0.052705 -1.373264 1.685494
v -0.053124 -1.357507 1.662569
v -0.048461 -1.364805 1.656936
v -0.054386 -1.347227 1.672935
v -0.054004 -1.297705 1.632571
v 0.011900 -1.307989 1.622561
v -0.043063 -1.243140 1.625956
v -0.006130 -1.229996 1.638071
v -0.029703 -1.285765 1.595011
v -0.042025 -1.282588 1.597910
v 0.021631 -1.278272 1.598566
v 0.004771 -1.227075 1.640939
v 0.005739 -1.249400 1.648923
v -0.051674 -1.271354 1.629688
v -0.024097 -1.257244 1.641821
v -0.010765 -1.298466 1.607671
v 0.020336 -1.293279 1.610729
v -0.041624 -1.302957 1.605183
v -0.047718 -1.290421 1.614839
v -0.039283 -1.162365 1.516383
v -0.036280 -1.186014 1.527838
v -0.027754 -1.171396 1.509851
v -0.035880 -1.142949 1.482560
v -0.043853 -1.120290 1.547224
v -0.049339 -1.144620 1.557994
v -0.047763 -1.135565 1.536029
v -0.049003 -1.101351 1.513089
v -0.012135 -1.091149 1.568135
v -0.011902 -1.111204 1.583212
v -0.019202 -1.096965 1.563969
v -0.014479 -1.065770 1.538938
v -0.010897 -1.190467 1.524697
v 0.006392 -1.178575 1.504912
v -0.010688 -1.150483 1.477126
v -0.043816 -1.167135 1.541387
v -0.043781 -1.122706 1.497413
v -0.031310 -1.125781 1.572356
v -0.032067 -1.082548 1.526761
v 0.014093 -1.193578 1.522532
v 0.015761 -1.180130 1.503847
v 0.014027 -1.156423 1.472859
v 0.006104 -1.205351 1.538883
v -0.028604 -1.204467 1.540215
v 0.005914 -1.075799 1.369561
v -0.028060 -1.066691 1.376227
v 0.015687 -1.205348 1.538711
v 0.015213 -1.077836 1.368071
v -0.040075 -1.197683 1.545084
v -0.039746 -1.056461 1.383729
v -0.048434 -1.170815 1.563828
v -0.048786 -1.027784 1.404772
v -0.044895 -1.153079 1.578480
v -0.044728 -1.013805 1.415023
v -0.016393 -1.135757 1.593713
v -0.020788 -0.991054 1.431686
v -0.013952 -0.985273 1.435921
v -0.008197 -1.131707 1.597222
v -0.242424 1.515104 -0.998233
v -0.241456 1.508612 -0.995818
v -0.244368 1.511361 -0.997391
v -0.173008 1.553428 -1.294903
v -0.222955 1.529258 -1.065554
v -0.114342 1.499660 -1.283108
v -0.166973 1.522229 -1.292524
v -0.156447 1.511232 -1.290347
v -0.140639 1.589461 -1.291385
v -0.225018 1.531608 -1.150704
v -0.203911 1.547305 -1.174764
v -0.146139 1.504941 -1.163545
v -0.221171 1.511466 -1.148844
v -0.205875 1.506122 -1.146068
v -0.146896 1.573431 -1.167106
v -0.179169 1.558202 -1.159747
v -0.171136 1.506037 -1.155760
v -0.150943 1.570431 -1.155987
v -0.213804 1.507201 -1.162381
v -0.219254 1.522782 -1.164137
v -0.138527 1.505653 -1.150294
v -0.219960 1.539327 -1.165218
v -0.188480 1.545171 -1.225413
v -0.125431 1.502304 -1.212947
v -0.183394 1.518701 -1.223170
v -0.172267 1.509826 -1.220900
v -0.150523 1.577872 -1.221051
v -0.173995 1.563122 -1.254584
v -0.130511 1.502394 -1.244441
v -0.137678 1.589331 -1.250095
v -0.183226 1.554965 -1.241971
v -0.124876 1.501453 -1.229730
v -0.180728 1.533801 -1.240444
v -0.175207 1.513256 -1.238466
v -0.141080 1.585731 -1.236807
v -0.150141 1.506516 -1.234070
v -0.162554 1.571082 -1.239494
v -0.181477 1.557761 -1.224968
v -0.136225 1.503464 -1.214749
v -0.140978 1.583206 -1.219796
v -0.200809 1.540107 -1.196304
v -0.130251 1.503851 -1.182993
v -0.196185 1.516030 -1.194247
v -0.183749 1.508437 -1.191839
v -0.155443 1.572061 -1.190760
v -0.194357 1.548997 -1.209400
v -0.130470 1.503074 -1.196616
v -0.192478 1.529837 -1.208049
v -0.187133 1.511385 -1.206190
v -0.145067 1.579059 -1.203081
v -0.158939 1.506464 -1.201384
v -0.170120 1.564679 -1.206347
v -0.212837 1.542572 -1.149435
v -0.235848 1.521766 -1.066913
v -0.233742 1.510221 -1.065187
v -0.219142 1.508359 -1.062435
v -0.222808 1.507170 -1.118458
v -0.227678 1.519525 -1.120174
v -0.227667 1.532877 -1.121175
v -0.180015 1.549669 -1.254854
v -0.120625 1.500724 -1.242763
v -0.174436 1.520680 -1.252456
v -0.163891 1.510621 -1.250238
v -0.146195 1.583889 -1.251184
v -0.167378 1.567743 -1.294660
v -0.123669 1.501727 -1.284689
v -0.132793 1.595052 -1.290388
v -0.157739 1.575947 -1.268869
v -0.144313 1.506328 -1.263298
v -0.137514 1.591141 -1.266371
v -0.168617 1.514157 -1.267579
v -0.174403 1.536345 -1.269594
v -0.119988 1.500267 -1.259102
v -0.177290 1.559128 -1.271176
v -0.192119 1.552029 -1.195576
v -0.142451 1.504414 -1.184985
v -0.144377 1.577400 -1.189267
v -0.214699 1.535678 -1.175811
v -0.133789 1.505134 -1.161211
v -0.210403 1.513291 -1.173877
v -0.196138 1.506789 -1.171250
v -0.158416 1.568547 -1.168802
v -0.206598 1.544106 -1.186134
v -0.134585 1.504315 -1.172414
v -0.205293 1.526301 -1.184931
v -0.199920 1.509323 -1.183146
v -0.148067 1.574526 -1.178425
v -0.167355 1.506116 -1.177760
v -0.177685 1.559923 -1.182380
v -0.033757 -0.004589 0.070163
v -0.045361 -0.044231 0.040832
v 0.013029 -0.080854 0.013641
v -0.036821 -0.066503 0.024332
v -0.051090 -0.021381 0.057756
v -0.015862 0.010505 0.081312
v -0.011638 -0.074532 0.018354
v -0.036004 1.133514 -1.466068
v -0.040599 1.092476 -1.530163
v -0.053684 1.121268 -1.482361
v -0.015748 1.088944 -1.540062
v -0.048548 1.106584 -1.506474
v -0.017807 1.144678 -1.451574
v -0.015728 1.015626 -1.289550
v -0.045704 0.961663 -1.329109
v -0.012101 0.931910 -1.350912
v -0.051297 0.984185 -1.312601
v -0.037287 0.939719 -1.345192
v -0.033788 1.000742 -1.300463
v -0.055527 1.235689 -1.626050
v -0.062758 1.242394 -1.597051
v -0.067176 1.249677 -1.567629
v -0.049101 1.257866 -1.548426
v -0.031070 1.236213 -1.638860
v -0.030565 1.265533 -1.531423
v -0.092617 1.416646 -1.625960
v -0.095431 1.401927 -1.597142
v -0.095432 1.387785 -1.567900
v -0.074937 1.384234 -1.548796
v -0.070580 1.428911 -1.638671
v -0.054314 1.381778 -1.531879
v -0.138035 1.542338 -1.495149
v -0.135949 1.515250 -1.482059
v -0.131052 1.488738 -1.468547
v -0.107873 1.478411 -1.458062
v -0.118683 1.561381 -1.499240
v -0.084935 1.470110 -1.448576
v -0.163787 1.565469 -1.355704
v -0.160300 1.539539 -1.353523
v -0.154000 1.514193 -1.350924
v -0.130042 1.504529 -1.346418
v -0.145195 1.583921 -1.353822
v -0.106422 1.496804 -1.342087
v -0.069913 1.431026 -1.495234
v -0.095840 1.507843 -1.578220
v -0.091816 1.437413 -1.508999
v -0.113794 1.445522 -1.524448
v -0.116500 1.467983 -1.547018
v -0.116394 1.491021 -1.569166
v -0.041494 1.326736 -1.542136
v -0.047614 1.332043 -1.659420
v -0.060774 1.323654 -1.560443
v -0.079711 1.320782 -1.581158
v -0.076866 1.323203 -1.613340
v -0.071209 1.326201 -1.645099
v -0.022308 1.200939 -1.498315
v -0.021016 1.154181 -1.593934
v -0.040606 1.190963 -1.513753
v -0.058405 1.180096 -1.531141
v -0.053483 1.167927 -1.557252
v -0.045749 1.156334 -1.582939
v -0.016256 1.098642 -1.399147
v -0.046633 1.055647 -1.449788
v -0.013555 1.034253 -1.480114
v -0.051949 1.072757 -1.427784
v -0.038504 1.039114 -1.471370
v -0.034368 1.086332 -1.412645
v -0.096319 1.489807 -1.399695
v -0.134899 1.583715 -1.421807
v -0.119892 1.498436 -1.405401
v -0.143808 1.509146 -1.411504
v -0.150061 1.536400 -1.417014
v -0.153502 1.564235 -1.422102
v -0.030881 -1.143714 1.586748
v -0.036831 -1.203327 1.541186
v 0.014031 -1.205444 1.538666
v -0.050078 -1.161056 1.571478
v -0.044186 -1.184935 1.553824
v -0.015220 -0.986080 1.435329
v -0.028119 -1.188203 1.612296
v -0.010461 -1.243105 1.569663
v 0.016167 -1.240065 1.570454
v -0.037316 -1.245320 1.569528
v -0.044108 -1.229240 1.580676
v -0.049873 -1.204626 1.597585
v -0.051743 -1.370109 1.688817
v -0.047309 -1.383203 1.677627
v -0.051386 -1.377672 1.681793
v -0.051210 -1.306961 1.624742
v -0.045398 -1.318104 1.615849
v 0.020899 -1.306337 1.623656
v -0.008223 -1.311675 1.620129
v -0.017168 -1.276955 1.652048
v -0.054215 -1.290756 1.639305
v -0.049806 -1.020259 1.410294
v -0.044402 -1.042159 1.394224
v -0.036215 -1.063375 1.378657
v 0.013637 -1.077666 1.368195
v -0.011040 -1.071351 1.372816
v -0.032794 -1.002316 1.423438
v -0.115907 1.601120 -1.421107
v 0.010911 1.030666 -1.487212
v 0.003262 1.152928 -1.602972
v -0.024317 1.337685 -1.671327
v -0.075166 1.522954 -1.585585
v -0.126204 1.600442 -1.351748
v -0.099044 1.578408 -1.502324
v -0.048627 1.440091 -1.649188
v -0.007030 1.237271 -1.649462
v 0.012579 0.925783 -1.355400
v 0.008632 1.086503 -1.548156
v 0.008854 -1.270444 1.657444
v -0.003679 -1.180426 1.621189
v -0.009677 -1.132308 1.596716
v -0.054352 -1.339646 1.647500
v -0.049244 -1.348184 1.640607
v -0.056070 -1.327643 1.660073
v 0.002682 -1.227589 1.640471
v -0.049941 -1.251419 1.620083
v -0.024916 -1.235575 1.632583
v -0.009796 -1.282912 1.596316
v 0.019458 -1.278643 1.598342
v -0.038991 -1.286455 1.594898
v -0.045280 -1.272944 1.605142
v -0.035911 -1.168641 1.511798
v -0.048871 -1.127618 1.541887
v -0.013441 -1.091964 1.567551
v -0.010652 -1.175078 1.507314
v -0.043607 -1.149187 1.526034
v -0.031614 -1.108342 1.555816
v 0.014164 -1.180025 1.503918
v -0.011234 -1.204959 1.539508
v -0.234176 1.525086 -1.067015
v -0.235034 1.515945 -1.066085
v -0.231022 1.507800 -1.064431
v -0.180498 1.558305 -1.171762
v -0.170333 1.505696 -1.167446
v -0.149485 1.572544 -1.167473
v -0.207333 1.508133 -1.173105
v -0.212769 1.524441 -1.174873
v -0.136509 1.504932 -1.161636
v -0.213764 1.541651 -1.176009
v -0.180079 1.557151 -1.255253
v -0.122620 1.500777 -1.243087
v -0.177369 1.535145 -1.253677
v -0.171725 1.513739 -1.251660
v -0.139501 1.588495 -1.250345
v -0.147236 1.506395 -1.247339
v -0.160169 1.573596 -1.252901
v -0.188297 1.552051 -1.225757
v -0.127656 1.502269 -1.213304
v -0.186095 1.531904 -1.224314
v -0.180681 1.512413 -1.222395
v -0.143046 1.582360 -1.220084
v -0.154295 1.506538 -1.217827
v -0.166085 1.567896 -1.223028
v -0.218019 1.506906 -1.148062
v -0.223333 1.521489 -1.149807
v -0.223779 1.537063 -1.150850
v -0.154053 1.578707 -1.293035
v -0.140061 1.506365 -1.287513
v -0.134339 1.594237 -1.290597
v -0.164182 1.514732 -1.291739
v -0.170131 1.537799 -1.293734
v -0.116074 1.499802 -1.283391
v -0.173219 1.561456 -1.295303
v -0.200270 1.546439 -1.196573
v -0.132698 1.503732 -1.183380
v -0.198681 1.528032 -1.195301
v -0.193348 1.510387 -1.193486
v -0.146683 1.576543 -1.189592
v -0.163145 1.506328 -1.188415
v -0.173858 1.562117 -1.193187
v -0.207226 1.524091 -0.993544
v -0.205716 1.522903 -0.992810
v -0.204645 1.515719 -0.990137
v -0.205736 1.514156 -0.989846
v -0.137799 1.507669 -1.137990
v -0.138311 1.509258 -1.136746
v -0.154612 1.565852 -1.143444
v -0.153864 1.564348 -1.142000
v -0.142984 1.508570 -1.137076
v -0.142973 1.507056 -1.138367
v -0.149163 1.566109 -1.142042
v -0.149309 1.567915 -1.143537
v -0.168867 1.554774 -1.112704
v -0.167338 1.553784 -1.112388
v -0.158863 1.509492 -1.108322
v -0.159918 1.508075 -1.108405
v -0.181896 1.513063 -1.056513
v -0.180844 1.514603 -1.056510
v -0.185208 1.538514 -1.060069
v -0.186748 1.539601 -1.060464
v -0.155494 1.563499 -1.140745
v -0.156681 1.564722 -1.141844
v -0.145171 1.508330 -1.135718
v -0.145838 1.506880 -1.136598
v -0.151160 1.565510 -1.142352
v -0.151391 1.567286 -1.143862
v -0.139986 1.509120 -1.137071
v -0.139588 1.507519 -1.138339
v 0.008659 -1.293020 1.665875
v 0.007773 -1.290906 1.666234
v 0.017429 -1.319929 1.638549
v 0.017248 -1.320066 1.636530
v 0.024061 -1.317854 1.636343
v 0.023765 -1.317929 1.638415
v 0.014109 -1.290923 1.665844
v 0.013567 -1.288565 1.666237
v -0.010997 -1.394987 1.706477
v -0.011951 -1.396374 1.705470
v -0.014769 -1.387473 1.711913
v -0.013064 -1.388414 1.711234
v 0.011272 -1.291654 1.665521
v 0.010793 -1.289281 1.665915
v 0.013299 -1.323935 1.638610
v 0.013970 -1.323391 1.640340
v 0.005502 -1.297128 1.666999
v 0.004055 -1.295809 1.667485
v 0.020445 -1.318725 1.638049
v 0.020786 -1.318633 1.635980
v 0.002731 -1.353720 1.665331
v 0.001761 -1.354968 1.664145
v -0.005381 -1.334295 1.684996
v -0.003721 -1.335005 1.684223
v -0.008763 -1.360536 1.697056
v -0.010440 -1.359768 1.697808
v -0.005159 -1.375131 1.683548
v -0.004199 -1.373849 1.684687
v 0.007331 -1.337050 1.648738
v 0.008319 -1.335816 1.649944
v 0.000872 -1.313436 1.673328
v -0.000773 -1.312749 1.674115
v 0.021761 -0.750194 0.935485
v 0.021345 0.903518 -1.315676
v 0.046169 -0.729050 0.950998
v 0.050276 -0.715262 0.961115
v 0.049888 0.938118 -1.289777
v 0.045792 0.924403 -1.300069
v 0.040889 -0.685480 0.982966
v 0.029073 -0.674808 0.990796
v 0.028623 0.978389 -1.259434
v 0.040407 0.967928 -1.267339
v -0.005066 -0.665078 0.997932
v -0.005305 0.987314 -1.252603
v 0.015152 1.121149 -1.571094
v 0.044483 1.144715 -1.535405
v 0.040034 1.135941 -1.550081
v 0.024443 1.167859 -1.489866
v 0.035874 1.162339 -1.502156
v -0.009049 1.170691 -1.477629
v -0.005421 1.070714 -1.365501
v 0.028331 1.064436 -1.374774
v 0.049103 1.031608 -1.411979
v 0.044865 1.020041 -1.424251
v 0.039974 1.056123 -1.384659
v 0.020243 1.001803 -1.442299
v -0.005801 1.287920 -1.659013
v 0.024999 1.298851 -1.615874
v 0.019892 1.295736 -1.633887
v 0.007238 1.302383 -1.558771
v 0.018012 1.302522 -1.574397
v -0.025443 1.298238 -1.542421
v -0.052408 1.483950 -1.616163
v -0.015192 1.468269 -1.579425
v -0.023172 1.477071 -1.594571
v -0.022996 1.430493 -1.532258
v -0.015095 1.442550 -1.545017
v -0.052135 1.411653 -1.519441
v -0.098409 1.592175 -1.457661
v -0.055982 1.566358 -1.441775
v -0.066295 1.579696 -1.447584
v -0.055704 1.512883 -1.426971
v -0.050135 1.529467 -1.430393
v -0.081970 1.488469 -1.425666
v -0.119942 1.596016 -1.318581
v -0.076871 1.574094 -1.310633
v -0.087411 1.585694 -1.312879
v -0.076007 1.526634 -1.308249
v -0.070574 1.541489 -1.308081
v -0.102234 1.504320 -1.311397
v -0.037767 1.529825 -1.513151
v -0.047006 1.541822 -1.524274
v -0.034564 1.496228 -1.488665
v -0.041206 1.480977 -1.479929
v -0.068792 1.458198 -1.472073
v -0.077795 1.552640 -1.540905
v 0.006874 1.388179 -1.617050
v 0.000522 1.391265 -1.635237
v 0.002955 1.376558 -1.575144
v -0.006574 1.370218 -1.559345
v -0.037721 1.358428 -1.542780
v -0.026706 1.391095 -1.660577
v 0.037147 1.216182 -1.584005
v 0.032533 1.209152 -1.599966
v 0.028942 1.229506 -1.547588
v 0.017675 1.233283 -1.534015
v -0.015615 1.233965 -1.520194
v 0.007448 1.196509 -1.622562
v 0.027285 1.116911 -1.439332
v 0.043324 1.079215 -1.494652
v 0.038816 1.110097 -1.450525
v 0.018565 1.062827 -1.514312
v -0.006331 1.121338 -1.428447
v 0.047673 1.089282 -1.481071
v -0.068110 1.575359 -1.373364
v -0.078747 1.588257 -1.376418
v -0.061469 1.539589 -1.368788
v -0.066719 1.523470 -1.368126
v -0.092596 1.499652 -1.370222
v -0.111268 1.600223 -1.383091
v 0.030141 -1.257869 1.587983
v 0.065876 -1.247570 1.597472
v 0.073997 -1.239690 1.603833
v 0.066846 -1.216708 1.620072
v 0.051459 -1.201087 1.630018
v 0.012238 -1.202772 1.631983
v 0.089305 -1.375459 1.720815
v 0.101600 -1.370906 1.724180
v 0.100196 -1.365929 1.727888
v 0.086650 -1.366828 1.727094
v 0.091925 -1.284852 1.665004
v 0.075319 -1.279540 1.673467
v 0.085489 -1.305964 1.647138
v 0.097065 -1.299803 1.651959
v 0.041228 -1.154701 1.605156
v 0.004627 -1.154593 1.609632
v 0.025279 -1.217002 1.557322
v 0.057350 -1.205629 1.567299
v 0.064198 -1.196361 1.574153
v 0.056067 -1.169834 1.592167
v 0.081928 -1.317194 1.696808
v 0.089116 -1.337036 1.677302
v 0.101278 -1.331607 1.681342
v 0.097534 -1.320281 1.690807
v 0.079046 -1.253178 1.642552
v 0.034755 -1.289965 1.613388
v 0.063326 -1.242297 1.651730
v 0.020143 -1.246890 1.650360
v 0.075726 -1.279902 1.621825
v 0.085350 -1.272768 1.627506
v 0.023490 -1.189156 1.525742
v 0.022679 -1.151313 1.476581
v 0.051012 -1.171888 1.538245
v 0.047528 -1.130670 1.491598
v 0.051959 -1.117656 1.501114
v 0.056380 -1.160378 1.546550
v 0.048062 -1.133685 1.565827
v 0.043306 -1.090167 1.521293
v 0.031284 -1.079095 1.529384
v 0.034869 -1.120656 1.575890
v -0.000835 -1.112112 1.582503
v -0.003670 -1.067548 1.537674
v -0.085848 1.546074 -0.974319
v -0.099822 1.545022 -0.977034
v -0.098653 1.537171 -0.974113
v -0.085202 1.541738 -0.972706
v -0.066946 1.565137 -1.141881
v -0.081977 1.571079 -1.144713
v -0.126546 1.509700 -1.148810
v -0.062834 1.543679 -1.139990
v -0.074537 1.532249 -1.141281
v -0.136041 1.571486 -1.153599
v -0.084028 1.568089 -1.226675
v -0.078673 1.540236 -1.224335
v -0.085033 1.527194 -1.224670
v -0.128935 1.585110 -1.234817
v -0.094730 1.577635 -1.228910
v -0.113881 1.506812 -1.228242
v -0.092816 1.573893 -1.194365
v -0.117801 1.508468 -1.194859
v -0.081082 1.565714 -1.192012
v -0.076257 1.540596 -1.189872
v -0.084081 1.528411 -1.190481
v -0.131361 1.579062 -1.200869
v -0.085361 1.564821 -1.100004
v -0.070281 1.560691 -1.097178
v -0.067036 1.543522 -1.095364
v -0.079486 1.533745 -1.096728
v -0.082544 1.570775 -1.256551
v -0.076752 1.540745 -1.254150
v -0.082586 1.526890 -1.254406
v -0.126162 1.590115 -1.264500
v -0.093075 1.581278 -1.258758
v -0.109879 1.505689 -1.257746
v -0.088107 1.572162 -1.168552
v -0.120106 1.509864 -1.170364
v -0.074837 1.565101 -1.165984
v -0.070376 1.541871 -1.163993
v -0.080034 1.530110 -1.164934
v -0.132632 1.575099 -1.175954
v 0.015668 0.898947 -1.319090
v 0.021558 -0.075656 0.017477
v 0.050978 0.930443 -1.295549
v 0.050044 -0.040723 0.043299
v 0.051348 -0.722946 0.955477
v 0.045970 -0.054578 0.033048
v 0.036781 0.975083 -1.261949
v 0.028704 0.000021 0.073492
v 0.037276 -0.678298 0.988236
v 0.040516 -0.010596 0.065616
v -0.012824 -0.663076 0.999400
v -0.005279 0.009207 0.080337
v 0.033999 -0.739729 0.943163
v 0.033602 0.913855 -1.307951
v 0.045721 -0.700342 0.972061
v 0.045286 0.953051 -1.278538
v 0.011970 -0.669837 0.994442
v 0.011625 0.982957 -1.255940
v 0.009381 1.117886 -1.575669
v 0.045357 1.140071 -1.543866
v 0.032464 1.166463 -1.494075
v 0.027623 1.128483 -1.560705
v 0.040317 1.153556 -1.518759
v 0.007666 1.169337 -1.483631
v -0.005134 1.014404 -1.290444
v 0.026241 1.140939 -1.465137
v 0.049964 0.965459 -1.326313
v 0.042066 1.106118 -1.522946
v 0.037724 1.134769 -1.476887
v 0.017247 1.090524 -1.543294
v -0.005739 1.098188 -1.400835
v 0.028843 1.005561 -1.296921
v 0.048498 1.062985 -1.450715
v 0.045787 0.951785 -1.336336
v 0.040608 0.995153 -1.304549
v 0.021165 0.930935 -1.351623
v 0.014528 0.997801 -1.446238
v 0.044676 1.043894 -1.398298
v 0.032586 1.010836 -1.433371
v 0.036434 1.061961 -1.378054
v 0.050106 1.025251 -1.418966
v 0.011423 1.067661 -1.370041
v -0.011746 1.286155 -1.664471
v 0.025469 1.297678 -1.626382
v 0.015006 1.303175 -1.564270
v 0.007070 1.291815 -1.646596
v 0.021644 1.300715 -1.595115
v -0.009127 1.300324 -1.550450
v 0.041384 1.178564 -1.560921
v 0.026987 1.250881 -1.619945
v 0.032933 1.194432 -1.526331
v 0.021566 1.199240 -1.513498
v -0.011847 1.201194 -1.500591
v 0.001689 1.240230 -1.643839
v -0.059113 1.485339 -1.620862
v -0.016484 1.474406 -1.588174
v -0.016339 1.435892 -1.536649
v -0.037790 1.480601 -1.605488
v -0.015006 1.455437 -1.562200
v -0.037565 1.420983 -1.525728
v 0.016614 1.343584 -1.621063
v -0.011028 1.436324 -1.619817
v 0.010937 1.339965 -1.578365
v 0.000694 1.336871 -1.562244
v -0.031332 1.329082 -1.545282
v -0.039275 1.439980 -1.643591
v -0.105732 1.594765 -1.459889
v -0.058705 1.575276 -1.444797
v -0.049948 1.520031 -1.427752
v -0.082372 1.586065 -1.452663
v -0.052920 1.547941 -1.436063
v -0.068817 1.500547 -1.426278
v -0.026727 1.501746 -1.548323
v -0.057471 1.564606 -1.485712
v -0.024990 1.471363 -1.518461
v -0.032227 1.457415 -1.507546
v -0.060546 1.436244 -1.497003
v -0.088990 1.576523 -1.498982
v -0.127397 1.598135 -1.319875
v -0.079713 1.581947 -1.311463
v -0.070283 1.533118 -1.307639
v -0.103691 1.590972 -1.315738
v -0.073584 1.557819 -1.309335
v -0.089090 1.515364 -1.309813
v -0.062657 1.573365 -1.406926
v -0.083429 1.587526 -1.343974
v -0.056183 1.536578 -1.399850
v -0.061500 1.520044 -1.398173
v -0.087459 1.495705 -1.399019
v -0.115919 1.598719 -1.349965
v -0.047640 1.551718 -1.477315
v -0.035371 1.512440 -1.561626
v -0.042977 1.515925 -1.459551
v -0.049026 1.499784 -1.453542
v -0.075882 1.475909 -1.449047
v -0.065426 1.521651 -1.580944
v -0.084833 1.554874 -1.544539
v -0.062412 1.547350 -1.532676
v -0.054988 1.469469 -1.475915
v -0.035036 1.487611 -1.482765
v -0.036028 1.513055 -1.500887
v -0.039832 1.537923 -1.519433
v -0.003850 1.430135 -1.602901
v 0.010976 1.343425 -1.639571
v -0.005729 1.410862 -1.564130
v -0.014432 1.401420 -1.549601
v -0.044559 1.385803 -1.534603
v -0.015373 1.339254 -1.665308
v -0.032980 1.390971 -1.666081
v -0.013078 1.391221 -1.648054
v -0.022161 1.364282 -1.550915
v 0.000712 1.373407 -1.564911
v 0.005052 1.382397 -1.596076
v 0.006580 1.390810 -1.627664
v 0.031773 1.256296 -1.602931
v 0.036870 1.170503 -1.576141
v 0.023994 1.265636 -1.563919
v 0.012900 1.267797 -1.549293
v -0.020177 1.266488 -1.534174
v 0.011909 1.156589 -1.597823
v 0.001634 1.193707 -1.627476
v 0.020020 1.202783 -1.611392
v 0.001001 1.233671 -1.526976
v 0.025633 1.232561 -1.538720
v 0.033182 1.222872 -1.565776
v 0.037919 1.212607 -1.593254
v 0.027938 1.092935 -1.411000
v 0.044198 1.052248 -1.463712
v 0.039519 1.085452 -1.421609
v 0.019500 1.035035 -1.482652
v -0.007316 1.144572 -1.453564
v 0.046462 1.115542 -1.508808
v 0.012821 1.059222 -1.518597
v 0.043383 1.099718 -1.465778
v 0.030976 1.070948 -1.504589
v 0.035345 1.115015 -1.443118
v 0.048608 1.083845 -1.488860
v 0.010446 1.119198 -1.433782
v -0.072830 1.575250 -1.341477
v -0.073224 1.586668 -1.410991
v -0.066294 1.541011 -1.338288
v -0.071592 1.525508 -1.338190
v -0.097541 1.502435 -1.340988
v -0.105657 1.599121 -1.418913
v -0.118678 1.602703 -1.384588
v -0.095031 1.594366 -1.379771
v -0.079635 1.511435 -1.369158
v -0.061086 1.530434 -1.367841
v -0.064652 1.557502 -1.371055
v -0.071031 1.584001 -1.374696
v 0.073830 -1.244548 1.600161
v 0.062114 -1.206598 1.626371
v 0.003389 -1.203888 1.631999
v 0.048026 -1.252732 1.592708
v 0.070912 -1.229270 1.611408
v 0.031541 -1.200805 1.631595
v 0.008265 -1.178704 1.621475
v 0.061413 -1.226659 1.582756
v 0.068920 -1.218223 1.589296
v 0.061234 -1.193246 1.606392
v 0.100106 -1.372688 1.722851
v 0.097843 -1.365014 1.728502
v 0.101052 -1.368371 1.726083
v 0.072685 -1.236372 1.631797
v 0.084334 -1.340831 1.711292
v 0.032632 -1.275420 1.601043
v 0.089393 -1.355667 1.697829
v 0.101627 -1.350653 1.701524
v 0.095544 -1.301482 1.676839
v 0.069716 -1.261265 1.662564
v 0.023619 -1.267715 1.659285
v 0.081050 -1.292937 1.634155
v 0.091720 -1.286286 1.639406
v 0.094926 -1.292689 1.657812
v 0.096097 -1.303257 1.649199
v 0.087648 -1.280060 1.670901
v 0.045991 -1.177371 1.618167
v 0.027480 -1.237014 1.573130
v 0.051279 -1.159806 1.599917
v 0.060595 -1.183963 1.582411
v 0.064425 -1.202192 1.570167
v -0.003559 -1.155184 1.610089
v 0.041325 -1.211343 1.562281
v 0.022615 -1.153721 1.608198
v 0.016092 -0.754821 0.932090
v 0.021865 -1.260207 1.585851
v 0.017896 -1.219548 1.555103
v -0.013018 0.989142 -1.251202
v -0.016668 1.171211 -1.475067
v -0.013096 1.071973 -1.363576
v -0.032887 1.297261 -1.538976
v -0.058819 1.407522 -1.516755
v -0.088038 1.483141 -1.425451
v -0.108337 1.499434 -1.312143
v -0.075143 1.453221 -1.470452
v -0.044836 1.355809 -1.539289
v -0.023190 1.234023 -1.517292
v -0.013977 1.122201 -1.426175
v -0.098581 1.494452 -1.370737
v 0.079195 -1.297414 1.684509
v 0.088044 -1.320485 1.660903
v 0.100065 -1.314707 1.665318
v 0.098962 -1.342189 1.708293
v 0.099740 -1.326187 1.685549
v 0.100043 -1.334378 1.679260
v 0.093964 -1.316832 1.695236
v 0.085965 -1.269027 1.653612
v 0.034843 -1.303289 1.626010
v 0.057217 -1.222594 1.641031
v 0.016283 -1.225404 1.641441
v 0.070624 -1.265209 1.610093
v 0.079410 -1.257708 1.616165
v 0.010259 -1.248474 1.649602
v 0.074590 -1.245484 1.648669
v 0.041500 -1.243804 1.651682
v 0.055298 -1.284931 1.617603
v 0.025110 -1.292301 1.611447
v 0.084844 -1.277045 1.624195
v 0.082647 -1.263711 1.634436
v 0.053749 -1.143303 1.530369
v 0.056978 -1.166906 1.541857
v 0.048939 -1.155682 1.521380
v 0.052837 -1.124771 1.495897
v 0.032858 -1.104573 1.558756
v 0.044003 -1.125495 1.572026
v 0.045336 -1.116490 1.550024
v 0.039734 -1.083169 1.526429
v -0.008877 -1.110584 1.583666
v -0.002509 -1.093545 1.566478
v -0.011597 -1.065180 1.539371
v 0.037275 -1.180597 1.531938
v 0.023094 -1.175152 1.507423
v 0.035136 -1.141094 1.484015
v 0.052506 -1.147400 1.555867
v 0.047792 -1.103943 1.511179
v 0.016854 -1.115912 1.579596
v 0.013754 -1.073159 1.533649
v 0.017126 -1.192956 1.522988
v 0.016911 -1.155833 1.473293
v 0.024060 -1.201672 1.541582
v 0.053841 -1.187575 1.552609
v 0.022179 -1.072466 1.372006
v 0.046643 -1.051385 1.387457
v 0.059934 -1.177192 1.560119
v 0.050855 -1.037898 1.397349
v 0.051643 -1.150310 1.578872
v 0.041817 -1.009221 1.418392
v 0.037568 -1.136183 1.590877
v 0.029975 -0.998499 1.426253
v 0.001554 -1.132080 1.596411
v -0.004523 -0.987722 1.434131
v -0.088199 1.546703 -0.975049
v -0.087232 1.540211 -0.972634
v -0.085287 1.543955 -0.973477
v -0.080160 1.572452 -1.280945
v -0.091741 1.556142 -1.045829
v -0.074125 1.541252 -1.278566
v -0.079756 1.526945 -1.278818
v -0.123465 1.592979 -1.288803
v -0.066785 1.564028 -1.126918
v -0.084578 1.571755 -1.156825
v -0.122203 1.509845 -1.159947
v -0.062938 1.543886 -1.125057
v -0.075105 1.532915 -1.126410
v -0.114754 1.571400 -1.150064
v -0.102859 1.520026 -1.145496
v -0.145324 1.571582 -1.155142
v -0.063946 1.537905 -1.139853
v -0.064659 1.554457 -1.140897
v -0.132908 1.506804 -1.149449
v -0.070102 1.570032 -1.142691
v -0.083012 1.566780 -1.209558
v -0.077925 1.540310 -1.207315
v -0.084928 1.527721 -1.207771
v -0.130183 1.582039 -1.217993
v -0.094411 1.579428 -1.242620
v -0.112108 1.506165 -1.241674
v -0.086722 1.574737 -1.227464
v -0.120852 1.502277 -1.229125
v -0.081202 1.554193 -1.225483
v -0.078703 1.533029 -1.223958
v -0.137056 1.586555 -1.236202
v -0.099376 1.516918 -1.226438
v -0.111789 1.581483 -1.231863
v -0.094138 1.575656 -1.211838
v -0.115885 1.507632 -1.211692
v -0.078450 1.565177 -1.177910
v -0.073826 1.541100 -1.175853
v -0.082511 1.529179 -1.176621
v -0.132178 1.576828 -1.187263
v -0.083843 1.571640 -1.192787
v -0.125913 1.504008 -1.195930
v -0.078500 1.553190 -1.190915
v -0.076619 1.534028 -1.189577
v -0.140509 1.579992 -1.202396
v -0.100856 1.518365 -1.192653
v -0.112038 1.576579 -1.197616
v -0.082067 1.569366 -1.129777
v -0.077145 1.554282 -1.043055
v -0.075039 1.542738 -1.041329
v -0.087928 1.535244 -1.042710
v -0.068427 1.538801 -1.095250
v -0.068419 1.552156 -1.096233
v -0.073286 1.564509 -1.097967
v -0.083867 1.569369 -1.240401
v -0.078288 1.540379 -1.238002
v -0.084308 1.526927 -1.238274
v -0.127792 1.587660 -1.248418
v -0.090686 1.583457 -1.283132
v -0.106496 1.505246 -1.282107
v -0.109597 1.585811 -1.261631
v -0.096170 1.516192 -1.256061
v -0.133922 1.591877 -1.265831
v -0.076619 1.533007 -1.253749
v -0.079506 1.555789 -1.255329
v -0.116395 1.501003 -1.258562
v -0.085292 1.577978 -1.257346
v -0.090881 1.572772 -1.180357
v -0.119186 1.509181 -1.181488
v -0.070328 1.565258 -1.154108
v -0.066032 1.542871 -1.152174
v -0.076806 1.531239 -1.153310
v -0.134414 1.573465 -1.165194
v -0.077775 1.570501 -1.166769
v -0.129610 1.505334 -1.171666
v -0.072408 1.553528 -1.164955
v -0.071098 1.535717 -1.163780
v -0.143092 1.575546 -1.177677
v -0.099999 1.519917 -1.167635
v -0.110329 1.573723 -1.172254
v 0.011679 0.004720 0.076993
v 0.045418 -0.025632 0.054478
v 0.015887 -0.080268 0.014071
v 0.051146 -0.048479 0.037556
v 0.036877 -0.003358 0.070979
v -0.013004 0.011091 0.081742
v 0.033798 -0.065223 0.025184
v 0.009432 1.142823 -1.459238
v 0.047368 1.110499 -1.516939
v 0.034283 1.139292 -1.469137
v 0.029687 1.098253 -1.533232
v 0.042231 1.125184 -1.492827
v -0.014948 1.145264 -1.451145
v -0.012859 1.016214 -1.289119
v 0.045424 0.980334 -1.315410
v 0.033509 0.941255 -1.344056
v 0.037008 1.002278 -1.299326
v 0.051018 0.957812 -1.331918
v 0.011822 1.010087 -1.293606
v 0.032439 1.253712 -1.612826
v 0.028021 1.260994 -1.583404
v 0.020791 1.267700 -1.554405
v -0.003666 1.267175 -1.541596
v 0.014365 1.245523 -1.632029
v -0.027707 1.266118 -1.530994
v -0.004650 1.434670 -1.612736
v -0.004652 1.420527 -1.583495
v -0.007465 1.405808 -1.554676
v -0.029502 1.393543 -1.541966
v -0.025145 1.438220 -1.631841
v -0.051456 1.382363 -1.531449
v -0.050068 1.560361 -1.481925
v -0.045170 1.533849 -1.468412
v -0.043085 1.506761 -1.455323
v -0.062438 1.487720 -1.451232
v -0.073247 1.570690 -1.492410
v -0.082077 1.470696 -1.448147
v -0.075726 1.583512 -1.342466
v -0.069424 1.558158 -1.339861
v -0.065938 1.532236 -1.337686
v -0.084542 1.513851 -1.339578
v -0.099696 1.593244 -1.346982
v -0.103546 1.497393 -1.341654
v -0.067055 1.431611 -1.494805
v -0.050405 1.517152 -1.571390
v -0.046380 1.446722 -1.502169
v -0.025827 1.463545 -1.511224
v -0.025721 1.486583 -1.533371
v -0.028427 1.509044 -1.555942
v -0.038636 1.327322 -1.541706
v -0.002178 1.341352 -1.652590
v -0.015339 1.332963 -1.553613
v 0.008256 1.338805 -1.567934
v 0.013913 1.341803 -1.599693
v 0.016758 1.344225 -1.631875
v -0.019449 1.201525 -1.497885
v 0.024419 1.163490 -1.587104
v 0.004829 1.200273 -1.506922
v 0.029562 1.198120 -1.517917
v 0.037296 1.186527 -1.543605
v 0.042218 1.174358 -1.569715
v -0.013397 1.099228 -1.398718
v 0.044146 1.074247 -1.436141
v 0.031881 1.043562 -1.473284
v 0.036017 1.090781 -1.414560
v 0.049463 1.057137 -1.458146
v 0.011068 1.095641 -1.405815
v -0.093461 1.490393 -1.399266
v -0.089463 1.593024 -1.414977
v -0.074457 1.507745 -1.398571
v -0.055841 1.527170 -1.398280
v -0.059282 1.554999 -1.403367
v -0.065535 1.582258 -1.408878
v 0.019315 -1.133429 1.594294
v 0.060357 -1.183414 1.555796
v 0.017192 -1.204796 1.539141
v 0.047170 -1.141131 1.586097
v 0.056170 -1.164373 1.568910
v -0.012359 -0.985494 1.435759
v 0.026797 -1.176951 1.620551
v 0.044455 -1.231854 1.577919
v 0.019664 -1.239348 1.570980
v 0.068942 -1.223549 1.585501
v 0.065572 -1.206768 1.597164
v 0.056388 -1.182855 1.613559
v 0.095964 -1.339845 1.711021
v 0.100268 -1.352966 1.699813
v 0.100545 -1.346543 1.704632
v 0.089284 -1.278175 1.645862
v 0.090978 -1.290162 1.636351
v 0.025990 -1.305293 1.624421
v 0.054630 -1.298797 1.629578
v 0.040111 -1.265219 1.660659
v 0.081575 -1.262934 1.659718
v 0.038257 -1.002215 1.423532
v 0.046476 -1.023539 1.407886
v 0.051846 -1.045332 1.391895
v 0.016498 -1.077080 1.368625
v 0.034444 -1.062032 1.379654
v 0.012690 -0.992996 1.430276
v -0.113049 1.601706 -1.420678
v 0.013769 1.031252 -1.486782
v 0.006121 1.153514 -1.602542
v -0.021458 1.338271 -1.670897
v -0.072308 1.523540 -1.585155
v -0.123328 1.601032 -1.351316
v -0.096186 1.578993 -1.501895
v -0.045769 1.440677 -1.648759
v -0.004171 1.237856 -1.649032
v 0.015448 0.926371 -1.354969
v 0.011490 1.087089 -1.547726
v 0.013215 -1.269550 1.658100
v -0.000183 -1.179709 1.621715
v -0.006522 -1.131661 1.597190
v 0.098199 -1.308390 1.670433
v 0.098943 -1.317822 1.662884
v 0.091537 -1.297400 1.682263
v 0.006937 -1.226717 1.641111
v 0.068106 -1.227233 1.637829
v 0.036488 -1.222994 1.641814
v 0.051666 -1.270319 1.605556
v 0.023745 -1.277764 1.598987
v 0.079083 -1.262263 1.612648
v 0.076516 -1.247990 1.623451
v 0.054496 -1.150117 1.525389
v 0.041596 -1.109082 1.555487
v -0.010508 -1.091362 1.567992
v 0.036046 -1.165510 1.514334
v 0.049750 -1.130059 1.540068
v 0.015079 -1.098775 1.562835
v 0.017104 -1.179422 1.504360
v 0.038967 -1.194673 1.547054
v -0.079863 1.556703 -1.043817
v -0.075853 1.548559 -1.042156
v -0.076710 1.539417 -1.041233
v -0.110232 1.572701 -1.161199
v -0.100133 1.520079 -1.156893
v -0.144176 1.573632 -1.166675
v -0.066962 1.536894 -1.152003
v -0.067963 1.554110 -1.153104
v -0.131200 1.506019 -1.160838
v -0.073393 1.570412 -1.154907
v -0.086577 1.576309 -1.241197
v -0.118802 1.501560 -1.242513
v -0.080933 1.554904 -1.239180
v -0.078223 1.532897 -1.237604
v -0.135684 1.589278 -1.249771
v -0.098134 1.516455 -1.239958
v -0.111067 1.583657 -1.245519
v -0.085724 1.573067 -1.210338
v -0.123363 1.503149 -1.212659
v -0.080311 1.553578 -1.208412
v -0.078108 1.533429 -1.206975
v -0.138753 1.583239 -1.219439
v -0.100321 1.517597 -1.209713
v -0.112111 1.578955 -1.214914
v -0.064173 1.538427 -1.124934
v -0.064624 1.554007 -1.125948
v -0.069932 1.568585 -1.127723
v -0.107073 1.588333 -1.285972
v -0.093081 1.515991 -1.280451
v -0.131062 1.594908 -1.290104
v -0.073914 1.533227 -1.278169
v -0.077002 1.556881 -1.279734
v -0.112796 1.500474 -1.282898
v -0.082951 1.579951 -1.281734
v -0.081285 1.570818 -1.178686
v -0.127946 1.504706 -1.182666
v -0.075955 1.553177 -1.176852
v -0.074362 1.534766 -1.175599
v -0.141930 1.577517 -1.188878
v -0.100770 1.519108 -1.179038
v -0.111483 1.574897 -1.183810
v -0.123910 1.541161 -0.981020
v -0.124987 1.539443 -0.980674
v -0.123917 1.532259 -0.978001
v -0.122439 1.531222 -0.977324
v -0.143880 1.568051 -1.141831
v -0.144367 1.566293 -1.140572
v -0.133848 1.510442 -1.135702
v -0.132909 1.509118 -1.136854
v -0.135772 1.561555 -1.107729
v -0.136824 1.560036 -1.107800
v -0.128371 1.515740 -1.103739
v -0.126875 1.514845 -1.103437
v -0.124139 1.524897 -1.047830
v -0.125657 1.525910 -1.048214
v -0.130021 1.549821 -1.051773
v -0.128975 1.551438 -1.051779
v -0.142963 1.566067 -1.138861
v -0.142080 1.567714 -1.139649
v -0.132217 1.510985 -1.133770
v -0.130824 1.509956 -1.134341
v -0.147091 1.566344 -1.141740
v -0.147145 1.568156 -1.143224
v -0.136695 1.509795 -1.136577
v -0.136070 1.508239 -1.137810
v 0.019696 -1.290758 1.667534
v 0.019559 -1.288491 1.668006
v 0.030065 -1.317340 1.640448
v 0.030847 -1.317280 1.638574
v 0.064750 -1.379467 1.717863
v 0.066407 -1.380319 1.717250
v 0.063636 -1.371409 1.723700
v 0.062692 -1.372892 1.722622
v 0.016974 -1.290486 1.666378
v 0.016370 -1.288138 1.666753
v 0.035219 -1.319444 1.641905
v 0.033931 -1.319301 1.643341
v 0.023734 -1.293393 1.669740
v 0.024360 -1.291649 1.670538
v 0.027093 -1.317362 1.639048
v 0.027342 -1.317290 1.636966
v 0.048423 -1.344358 1.672199
v 0.050091 -1.345066 1.671410
v 0.042520 -1.324480 1.692196
v 0.041553 -1.325728 1.691029
v 0.052186 -1.348048 1.706218
v 0.053152 -1.346739 1.707368
v 0.058452 -1.362098 1.693110
v 0.056794 -1.361352 1.693856
v 0.042651 -1.329813 1.654048
v 0.040967 -1.329127 1.654852
v 0.032291 -1.306998 1.678051
v 0.033250 -1.305778 1.679229
vn -0.7940 0.4884 0.3620
vn -0.7856 0.4986 0.3665
vn -0.7347 0.5467 0.4017
vn -0.7455 0.5359 0.3964
vn -0.7807 0.5049 0.3682
vn -0.7290 0.5539 0.4021
vn -0.7166 0.5652 0.4087
vn -0.7223 0.5574 0.4094
vn -0.7332 0.5470 0.4039
vn -0.9488 -0.2545 -0.1870
vn -0.9491 -0.2539 -0.1863
vn -0.9692 -0.1986 -0.1457
vn -0.9490 -0.2552 -0.1853
vn -0.9692 -0.1997 -0.1441
vn -0.9844 -0.1431 -0.1027
vn -0.9843 -0.1423 -0.1043
vn -0.9845 -0.1418 -0.1037
vn -0.1337 -0.7980 -0.5877
vn -0.1334 -0.7987 -0.5867
vn -0.2121 -0.7876 -0.5786
vn -0.2124 -0.7869 -0.5794
vn -0.1307 -0.7936 -0.5943
vn -0.2088 -0.7830 -0.5859
vn -0.2962 -0.7654 -0.5714
vn -0.2996 -0.7689 -0.5648
vn -0.3000 -0.7682 -0.5656
vn -0.9270 -0.3024 -0.2220
vn -0.9268 -0.3036 -0.2212
vn -0.9262 -0.3037 -0.2233
vn -0.4556 -0.7175 -0.5269
vn -0.4545 -0.7173 -0.5282
vn -0.3903 -0.7414 -0.5459
vn -0.3907 -0.7419 -0.5449
vn -0.4525 -0.7168 -0.5305
vn -0.3872 -0.7406 -0.5492
vn -0.8275 0.4523 0.3326
vn -0.8236 0.4579 0.3347
vn -0.8340 0.4431 0.3288
vn -0.9936 -0.0912 -0.0667
vn -0.9938 -0.0903 -0.0656
vn -0.9937 -0.0916 -0.0652
vn -0.5884 0.6556 0.4733
vn -0.5936 0.6487 0.4763
vn -0.6563 0.6081 0.4466
vn -0.6507 0.6156 0.4445
vn -0.6036 0.6417 0.4732
vn -0.6669 0.5997 0.4423
vn -0.3168 -0.7644 -0.5615
vn -0.3171 -0.7637 -0.5623
vn -0.3133 -0.7618 -0.5670
vn -0.7036 0.5224 0.4817
vn -0.7161 0.5118 0.4746
vn -0.7174 0.4713 0.5131
vn -0.7049 0.4813 0.5210
vn -0.7689 0.4661 0.4377
vn -0.7703 0.4275 0.4731
vn -0.7717 0.3697 0.5175
vn -0.7187 0.4105 0.5613
vn -0.7062 0.4194 0.5704
vn -0.9481 -0.2518 -0.1944
vn -0.9252 -0.2965 -0.2367
vn -0.9260 -0.2896 -0.2422
vn -0.9482 -0.2488 -0.1976
vn -0.4384 -0.6737 -0.5949
vn -0.3732 -0.6926 -0.6173
vn -0.3780 -0.6584 -0.6509
vn -0.4433 -0.6418 -0.6258
vn -0.3878 -0.6065 -0.6942
vn -0.4531 -0.5924 -0.6662
vn -0.9274 -0.2795 -0.2486
vn -0.9487 -0.2437 -0.2014
vn -0.8120 0.4219 0.4032
vn -0.8132 0.3845 0.4369
vn -0.9941 -0.0950 -0.0532
vn -0.9845 -0.1455 -0.0975
vn -0.9842 -0.1497 -0.0950
vn -0.9937 -0.1017 -0.0477
vn -0.9836 -0.1554 -0.0919
vn -0.9928 -0.1122 -0.0410
vn -0.8143 0.3292 0.4781
vn -0.3001 -0.7098 -0.6372
vn -0.3052 -0.6743 -0.6724
vn -0.2833 -0.7126 -0.6419
vn -0.2882 -0.6770 -0.6772
vn -0.2980 -0.6230 -0.7232
vn -0.3151 -0.6204 -0.7182
vn -0.9692 -0.1987 -0.1458
vn -0.9691 -0.1987 -0.1458
vn -0.9691 -0.1988 -0.1458
vn -0.5766 0.6059 0.5482
vn -0.6386 0.5684 0.5188
vn -0.6399 0.5255 0.5607
vn -0.5774 0.5625 0.5918
vn -0.6409 0.4612 0.6137
vn -0.5777 0.4968 0.6476
vn -0.6462 0.6160 0.4505
vn -0.5839 0.6555 0.4790
vn -0.7116 0.5665 0.4156
vn -0.7068 0.5599 0.4323
vn -0.6415 0.6082 0.4675
vn -0.5797 0.6467 0.4958
vn -0.9692 -0.1992 -0.1448
vn -0.9845 -0.1425 -0.1026
vn -0.9487 -0.2549 -0.1873
vn -0.9483 -0.2537 -0.1906
vn -0.9692 -0.1980 -0.1464
vn -0.9847 -0.1414 -0.1022
vn -0.3073 -0.7557 -0.5783
vn -0.3812 -0.7356 -0.5600
vn -0.2902 -0.7588 -0.5831
vn -0.2850 -0.7496 -0.5973
vn -0.3019 -0.7465 -0.5930
vn -0.3753 -0.7270 -0.5749
vn -0.8192 0.4597 0.3428
vn -0.7764 0.5059 0.3758
vn -0.9939 -0.0902 -0.0637
vn -0.9941 -0.0891 -0.0620
vn -0.8148 0.4555 0.3586
vn -0.7718 0.5009 0.3917
vn -0.9261 -0.3034 -0.2243
vn -0.4463 -0.7127 -0.5411
vn -0.4408 -0.7053 -0.5553
vn -0.9254 -0.3018 -0.2292
vn -0.7241 0.5550 0.4095
vn -0.7193 0.5487 0.4260
vn -0.9507 -0.2303 -0.2077
vn -0.9315 -0.2549 -0.2593
vn -0.9349 -0.2383 -0.2630
vn -0.9522 -0.2216 -0.2103
vn -0.4822 -0.4661 -0.7418
vn -0.4173 -0.4745 -0.7750
vn -0.4417 -0.3834 -0.8111
vn -0.5062 -0.3802 -0.7741
vn -0.4743 -0.2618 -0.8406
vn -0.5378 -0.2664 -0.7999
vn -0.9393 -0.2178 -0.2650
vn -0.9543 -0.2104 -0.2121
vn -0.9818 -0.1694 -0.0865
vn -0.9691 -0.1987 -0.1459
vn -0.9691 -0.1987 -0.1460
vn -0.9803 -0.1785 -0.0852
vn -0.9691 -0.1987 -0.1461
vn -0.9784 -0.1887 -0.0848
vn -0.7693 0.2154 0.6015
vn -0.8118 0.1839 0.5543
vn -0.8074 0.0851 0.5839
vn -0.7647 0.1103 0.6348
vn -0.9898 -0.1393 -0.0292
vn -0.9873 -0.1569 -0.0255
vn -0.9839 -0.1771 -0.0239
vn -0.7979 -0.0300 0.6020
vn -0.7550 -0.0115 0.6557
vn -0.7027 0.2511 0.6657
vn -0.7155 0.2463 0.6538
vn -0.7100 0.1339 0.6913
vn -0.6968 0.1356 0.7044
vn -0.6992 0.0054 0.7149
vn -0.6856 0.0061 0.7279
vn -0.3450 -0.4837 -0.8044
vn -0.3702 -0.3886 -0.8438
vn -0.3276 -0.4864 -0.8100
vn -0.3526 -0.3910 -0.8501
vn -0.3872 -0.2600 -0.8846
vn -0.4045 -0.2595 -0.8769
vn -0.5712 0.3145 0.7582
vn -0.6361 0.2844 0.7173
vn -0.6290 0.1623 0.7603
vn -0.5626 0.1881 0.8051
vn -0.6164 0.0263 0.7870
vn -0.5484 0.0471 0.8349
vn -0.9602 -0.1830 -0.2108
vn -0.9504 -0.1693 -0.2608
vn -0.9567 -0.1445 -0.2528
vn -0.9639 -0.1687 -0.2061
vn -0.6118 0.0212 -0.7908
vn -0.5520 0.0467 -0.8325
vn -0.5915 0.2061 -0.7795
vn -0.6487 0.1710 -0.7416
vn -0.6268 0.3367 -0.7027
vn -0.6814 0.2942 -0.6702
vn -0.9625 -0.1237 -0.2413
vn -0.9673 -0.1572 -0.1992
vn -0.9734 -0.2114 -0.0878
vn -0.9691 -0.1985 -0.1462
vn -0.9692 -0.1984 -0.1461
vn -0.9704 -0.2235 -0.0918
vn -0.9692 -0.1983 -0.1460
vn -0.9673 -0.2344 -0.0970
vn -0.7087 -0.2923 0.6421
vn -0.7535 -0.2954 0.5874
vn -0.7165 -0.4395 0.5417
vn -0.6694 -0.4469 0.5934
vn -0.9745 -0.2229 -0.0279
vn -0.9682 -0.2478 -0.0356
vn -0.9617 -0.2698 -0.0474
vn -0.6769 -0.5659 0.4707
vn -0.6263 -0.5835 0.5170
vn -0.6370 -0.2850 0.7163
vn -0.6502 -0.2882 0.7029
vn -0.6085 -0.4527 0.6518
vn -0.5951 -0.4510 0.6652
vn -0.5626 -0.5998 0.5690
vn -0.5482 -0.6017 0.5809
vn -0.4879 0.0709 -0.8700
vn -0.5298 0.2407 -0.8133
vn -0.4719 0.0774 -0.8783
vn -0.5145 0.2497 -0.8203
vn -0.5520 0.3891 -0.7375
vn -0.5669 0.3788 -0.7315
vn -0.4934 -0.2686 0.8273
vn -0.5649 -0.2778 0.7770
vn -0.5211 -0.4534 0.7232
vn -0.4473 -0.4524 0.7715
vn -0.4711 -0.6142 0.6331
vn -0.3955 -0.6215 0.6763
vn -0.9723 -0.1425 -0.1855
vn -0.9713 -0.0954 -0.2180
vn -0.9753 -0.0831 -0.2049
vn -0.9745 -0.1354 -0.1787
vn -0.7232 0.4532 -0.5211
vn -0.6729 0.5054 -0.5402
vn -0.6877 0.5698 -0.4499
vn -0.7369 0.5145 -0.4385
vn -0.7064 0.6267 -0.3290
vn -0.7548 0.5698 -0.3250
vn -0.9800 -0.0717 -0.1857
vn -0.9773 -0.1284 -0.1684
vn -0.9627 -0.2489 -0.1056
vn -0.9692 -0.1984 -0.1458
vn -0.9692 -0.1982 -0.1458
vn -0.9607 -0.2541 -0.1119
vn -0.9693 -0.1981 -0.1458
vn -0.9580 -0.2596 -0.1222
vn -0.5620 -0.7271 0.3943
vn -0.6165 -0.7035 0.3536
vn -0.5831 -0.7597 0.2878
vn -0.5285 -0.7840 0.3256
vn -0.9529 -0.2958 -0.0668
vn -0.9485 -0.3073 -0.0773
vn -0.9425 -0.3200 -0.0969
vn -0.5435 -0.8215 0.1726
vn -0.4870 -0.8497 0.2021
vn -0.4834 -0.7461 0.4579
vn -0.4972 -0.7468 0.4417
vn -0.4619 -0.8054 0.3715
vn -0.4485 -0.8041 0.3903
vn -0.4176 -0.8768 0.2385
vn -0.4035 -0.8790 0.2541
vn -0.6164 0.5587 -0.5548
vn -0.6328 0.6252 -0.4568
vn -0.6032 0.5725 -0.5554
vn -0.6201 0.6394 -0.4545
vn -0.6402 0.6960 -0.3252
vn -0.6528 0.6825 -0.3288
vn -0.3291 -0.7740 0.5409
vn -0.4039 -0.7628 0.5050
vn -0.3699 -0.8214 0.4342
vn -0.2948 -0.8329 0.4683
vn -0.3240 -0.9009 0.2889
vn -0.2475 -0.9156 0.3168
vn -0.9810 -0.1228 -0.1499
vn -0.9867 -0.0569 -0.1525
vn -0.9874 -0.0504 -0.1502
vn -0.9811 -0.1200 -0.1516
vn -0.7689 0.6267 -0.1263
vn -0.7232 0.6806 -0.1176
vn -0.7143 0.6959 -0.0738
vn -0.7598 0.6444 -0.0867
vn -0.6997 0.7125 -0.0524
vn -0.7450 0.6636 -0.0680
vn -0.9866 -0.0430 -0.1577
vn -0.9799 -0.1166 -0.1618
vn -0.9527 -0.2705 -0.1383
vn -0.9691 -0.1985 -0.1464
vn -0.9682 -0.1988 -0.1519
vn -0.9503 -0.2747 -0.1466
vn -0.9660 -0.1994 -0.1646
vn -0.9465 -0.2794 -0.1613
vn -0.4180 -0.9084 0.0125
vn -0.4792 -0.8777 -0.0046
vn -0.4542 -0.8902 -0.0342
vn -0.3929 -0.9194 -0.0177
vn -0.9329 -0.3359 -0.1300
vn -0.9288 -0.3428 -0.1407
vn -0.9231 -0.3510 -0.1573
vn -0.4267 -0.9023 -0.0614
vn -0.3658 -0.9296 -0.0454
vn -0.3336 -0.9414 0.0493
vn -0.3483 -0.9367 0.0367
vn -0.3240 -0.9460 0.0065
vn -0.3094 -0.9507 0.0204
vn -0.2978 -0.9544 -0.0210
vn -0.2824 -0.9593 -0.0063
vn -0.6700 0.7352 -0.1024
vn -0.6612 0.7483 -0.0533
vn -0.6578 0.7473 -0.0935
vn -0.6490 0.7596 -0.0410
vn -0.6336 0.7735 -0.0139
vn -0.6465 0.7624 -0.0285
vn -0.1781 -0.9800 0.0883
vn -0.2523 -0.9650 0.0719
vn -0.2281 -0.9727 0.0426
vn -0.1543 -0.9863 0.0580
vn -0.1980 -0.9801 0.0160
vn -0.1220 -0.9920 0.0313
vn -0.4317 -0.7137 0.5515
vn -0.3561 -0.7247 0.5899
vn -0.5112 -0.6965 0.5036
vn -0.5965 0.4815 -0.6421
vn -0.6547 0.4330 -0.6196
vn -0.5823 0.4934 -0.6461
vn -0.5258 -0.6942 0.4915
vn -0.5906 -0.6736 0.4444
vn -0.6440 -0.6508 0.4022
vn -0.9647 -0.2429 -0.1018
vn -0.9567 -0.2851 -0.0588
vn -0.9692 -0.1983 -0.1459
vn -0.9701 -0.1490 -0.1917
vn -0.9674 -0.1079 -0.2291
vn -0.7069 0.3851 -0.5933
vn -0.5960 -0.1189 0.7941
vn -0.5264 -0.1035 0.8439
vn -0.6667 -0.1330 0.7333
vn -0.4444 -0.1037 -0.8898
vn -0.5117 -0.1162 -0.8513
vn -0.4277 -0.1008 -0.8983
vn -0.6803 -0.1347 0.7205
vn -0.7371 -0.1455 0.6599
vn -0.7807 -0.1568 0.6049
vn -0.9761 -0.1997 -0.0855
vn -0.9797 -0.1990 -0.0244
vn -0.9691 -0.1986 -0.1461
vn -0.9570 -0.1974 -0.2125
vn -0.9445 -0.1945 -0.2647
vn -0.5735 -0.1307 -0.8087
vn -0.6396 0.3823 0.6669
vn -0.5758 0.4156 0.7041
vn -0.7054 0.3440 0.6197
vn -0.3281 -0.5559 -0.7637
vn -0.4007 -0.5444 -0.7370
vn -0.3109 -0.5584 -0.7691
vn -0.7180 0.3365 0.6093
vn -0.7713 0.2997 0.5616
vn -0.8138 0.2632 0.5182
vn -0.9828 -0.1618 -0.0888
vn -0.9916 -0.1248 -0.0345
vn -0.9496 -0.2373 -0.2048
vn -0.9292 -0.2680 -0.2546
vn -0.4658 -0.5329 -0.7065
vn -0.6390 0.5943 0.4883
vn -0.5772 0.6323 0.5168
vn -0.7041 0.5470 0.4528
vn -0.9847 -0.1432 -0.0997
vn -0.9481 -0.2535 -0.1920
vn -0.2995 -0.7315 -0.6126
vn -0.3727 -0.7133 -0.5936
vn -0.2826 -0.7342 -0.6173
vn -0.8125 0.4437 0.3782
vn -0.7694 0.4887 0.4114
vn -0.9942 -0.0913 -0.0576
vn -0.9251 -0.3003 -0.2325
vn -0.4380 -0.6930 -0.5727
vn -0.7166 0.5358 0.4465
vn -0.2807 -0.9491 0.1427
vn -0.2048 -0.9652 0.1625
vn -0.3620 -0.9248 0.1169
vn -0.6681 0.7181 -0.1948
vn -0.7212 0.6623 -0.2027
vn -0.6557 0.7309 -0.1893
vn -0.3768 -0.9204 0.1047
vn -0.4472 -0.8911 0.0778
vn -0.5068 -0.8602 0.0576
vn -0.9550 -0.2655 -0.1319
vn -0.9368 -0.3294 -0.1178
vn -0.9693 -0.1983 -0.1457
vn -0.9798 -0.1247 -0.1567
vn -0.9842 -0.0633 -0.1656
vn -0.7682 0.6063 -0.2054
vn -0.8103 0.4036 0.4250
vn -0.6949 0.4590 0.5535
vn -0.6185 0.4418 0.6498
vn -0.7903 0.3771 0.4829
vn -0.6544 0.4362 0.6176
vn -0.5591 0.4141 0.7183
vn -0.4709 0.3791 0.7965
vn -0.5406 0.3938 0.7434
vn -0.7600 0.3231 0.5640
vn -0.2216 -0.6621 -0.7159
vn -0.2862 -0.6288 -0.7230
vn -0.1787 -0.5942 -0.7842
vn -0.1167 -0.6245 -0.7722
vn -0.9031 -0.2573 -0.3439
vn -0.9376 -0.2066 -0.2797
vn -0.9305 -0.1974 -0.3087
vn -0.8894 -0.2504 -0.3826
vn -0.9252 -0.2025 -0.3211
vn -0.8764 -0.2594 -0.4058
vn -0.0837 -0.5677 -0.8190
vn -0.0273 -0.5851 -0.8105
vn 0.2463 -0.7838 -0.5700
vn -0.0719 -0.8001 -0.5955
vn 0.0131 -0.7647 -0.6442
vn 0.2459 -0.7465 -0.6183
vn -0.1396 -0.7695 -0.6231
vn -0.0389 -0.7362 -0.6757
vn 0.0432 -0.6551 -0.7543
vn 0.0808 -0.6718 -0.7363
vn 0.2417 -0.6534 -0.7174
vn -0.9817 -0.1048 -0.1591
vn -0.9915 -0.0669 -0.1115
vn -0.9898 -0.0657 -0.1264
vn -0.9798 -0.0997 -0.1736
vn -0.8872 0.3273 0.3251
vn -0.8948 0.2838 0.3446
vn -0.8871 0.2279 0.4015
vn -0.9897 -0.0750 -0.1217
vn -0.9799 -0.1056 -0.1693
vn -0.9653 -0.1499 -0.2140
vn -0.9631 -0.1390 -0.2305
vn -0.9631 -0.1407 -0.2294
vn -0.6810 0.5833 0.4427
vn -0.7477 0.5283 0.4023
vn -0.6171 0.6272 0.4752
vn -0.6198 0.5947 0.5119
vn -0.6832 0.5525 0.4776
vn -0.7508 0.5003 0.4313
vn -0.4825 0.3435 0.8057
vn -0.7224 0.2797 0.6324
vn -0.4139 0.3397 0.8446
vn -0.3769 0.3211 0.8688
vn -0.4409 0.3297 0.8348
vn -0.6825 0.2849 0.6731
vn 0.0339 -0.6210 -0.7831
vn 0.0801 -0.5685 -0.8188
vn 0.0871 -0.5837 -0.8073
vn 0.0266 -0.5534 -0.8325
vn 0.0598 -0.5379 -0.8409
vn 0.1072 -0.5523 -0.8267
vn 0.1135 -0.5664 -0.8163
vn 0.1163 -0.5893 -0.7995
vn 0.2353 -0.5719 -0.7858
vn 0.1389 -0.5715 -0.8087
vn 0.2339 -0.5573 -0.7967
vn -0.0238 -0.5458 -0.8376
vn -0.9190 -0.2045 -0.3371
vn -0.8615 -0.2642 -0.4336
vn -0.9080 -0.1878 -0.3746
vn -0.8409 -0.2506 -0.4797
vn 0.0145 -0.5302 -0.8477
vn -0.9628 -0.1383 -0.2320
vn -0.9803 -0.1051 -0.1673
vn -0.9787 -0.0830 -0.1880
vn -0.9590 -0.1166 -0.2583
vn -0.9903 -0.0789 -0.1140
vn -0.8602 0.2047 0.4671
vn -0.8263 0.2341 0.5123
vn -0.9903 -0.0613 -0.1244
vn -0.9955 -0.0950 0.0014
vn -0.9915 -0.0002 0.1302
vn -0.9652 0.0817 0.2484
vn -0.9959 -0.0582 0.0697
vn -0.5148 0.4267 0.7436
vn -0.3934 0.4577 0.7973
vn -0.3337 0.4740 0.8149
vn -0.4145 0.4649 0.7823
vn -0.2960 0.4833 0.8239
vn -0.3483 0.4866 0.8012
vn -0.9261 0.1578 0.3428
vn 0.2293 -0.6666 -0.7093
vn 0.2031 -0.6485 -0.7336
vn 0.2162 -0.6646 -0.7152
vn 0.2392 -0.6607 -0.7115
vn 0.9419 0.0075 0.3359
vn 0.9421 -0.0161 0.3349
vn 0.9419 -0.0150 0.3354
vn 0.9421 0.0107 0.3352
vn 0.9432 0.0294 0.3311
vn 0.2208 -0.7003 -0.6788
vn 0.1991 -0.7045 -0.6813
vn 0.1958 -0.7363 -0.6477
vn 0.2187 -0.7311 -0.6463
vn -0.6605 -0.5585 -0.5019
vn -0.6644 -0.5535 -0.5022
vn -0.5870 -0.6243 -0.5155
vn -0.5818 -0.6277 -0.5172
vn -0.5335 -0.6580 -0.5314
vn 0.1924 -0.7467 -0.6367
vn 0.2167 -0.7408 -0.6357
vn -0.9614 -0.2226 -0.1619
vn -0.9684 -0.2038 -0.1436
vn -0.9662 -0.2188 -0.1361
vn -0.9569 -0.2428 -0.1596
vn -0.9742 -0.1970 -0.1102
vn -0.9638 -0.2272 -0.1395
vn -0.9539 -0.2518 -0.1635
vn -0.8685 -0.1326 -0.4776
vn -0.9388 -0.0359 -0.3427
vn -0.9418 -0.0330 -0.3346
vn -0.8625 -0.1548 -0.4819
vn -0.9698 0.0080 -0.2437
vn -0.9764 0.0269 -0.2144
vn -0.9908 -0.0123 -0.1346
vn -0.9600 -0.0907 -0.2648
vn -0.8702 -0.2372 -0.4319
vn 0.1382 -0.5902 -0.7953
vn 0.1030 -0.5785 -0.8092
vn 0.1477 -0.6231 -0.7681
vn 0.1779 -0.6326 -0.7538
vn -0.7832 -0.2193 -0.5818
vn -0.7595 -0.2618 -0.5955
vn -0.7401 -0.3623 -0.5666
vn 0.1778 -0.6437 -0.7443
vn 0.2414 -0.6490 -0.7214
vn 0.1948 -0.6545 -0.7305
vn 0.2134 -0.6879 -0.6938
vn 0.2435 -0.6830 -0.6887
vn 0.1793 -0.6440 -0.7437
vn 0.2055 -0.6808 -0.7030
vn 0.0382 -0.7056 0.7076
vn 0.2365 -0.6520 0.7204
vn 0.2367 -0.6519 0.7204
vn -0.2402 0.3602 0.9014
vn -0.2104 0.3599 0.9090
vn -0.2132 0.3803 0.8999
vn -0.2239 0.3878 0.8941
vn 0.1763 -0.6184 -0.7658
vn 0.2115 -0.6567 -0.7239
vn 0.9293 -0.0648 0.3636
vn 0.9267 -0.0719 0.3689
vn 0.8062 -0.2728 0.5250
vn 0.8291 -0.2435 0.5032
vn 0.2144 -0.6887 -0.6926
vn 0.2159 -0.6946 -0.6862
vn -0.5814 0.3601 0.7296
vn -0.3543 0.3586 0.8636
vn -0.3068 0.3826 0.8715
vn -0.5168 0.3940 0.7601
vn -0.3010 0.3342 0.8931
vn -0.2717 0.3666 0.8898
vn 0.5388 -0.5068 0.6729
vn 0.5547 -0.4965 0.6677
vn 0.2425 -0.6916 -0.6803
vn -0.9859 0.0356 -0.1634
vn -0.9900 0.0733 -0.1206
vn -0.7338 0.3418 0.5871
vn -0.6706 0.3787 0.6378
vn -0.4666 0.4190 0.7789
vn -0.6156 0.3952 0.6818
vn -0.9982 0.0536 -0.0254
vn -0.9940 -0.0889 -0.0633
vn -0.9848 -0.1403 -0.1027
vn -0.8070 0.4678 0.3604
vn -0.8454 0.4224 0.3269
vn -0.8178 0.4388 0.3724
vn -0.8597 0.3883 0.3319
vn -0.9941 -0.0861 -0.0663
vn -0.9850 -0.1346 -0.1080
vn -0.9692 -0.1978 -0.1469
vn -0.9481 -0.2549 -0.1900
vn -0.9690 -0.1910 -0.1565
vn -0.9470 -0.2484 -0.2038
vn -0.4465 -0.7158 -0.5370
vn -0.3834 -0.7391 -0.5539
vn -0.9244 -0.3056 -0.2282
vn -0.9211 -0.3006 -0.2474
vn -0.4230 -0.7030 -0.5718
vn -0.3602 -0.7265 -0.5852
vn -0.2072 -0.7845 -0.5844
vn -0.1290 -0.7953 -0.5924
vn -0.2942 -0.7662 -0.5714
vn -0.2721 -0.7635 -0.5857
vn -0.1874 -0.7831 -0.5930
vn -0.1116 -0.7931 -0.5988
vn -0.3113 -0.7611 -0.5690
vn -0.2888 -0.7528 -0.5915
vn -0.7603 0.5159 0.3947
vn -0.7658 0.4897 0.4168
vn -0.5691 0.7556 -0.3245
vn -0.5866 0.7894 -0.1811
vn -0.5048 0.8004 -0.3233
vn -0.5236 0.8338 -0.1753
vn -0.5286 0.8461 -0.0693
vn -0.5907 0.8030 -0.0791
vn -0.1987 -0.7654 -0.6122
vn -0.1967 -0.7488 -0.6330
vn -0.1218 -0.7742 -0.6211
vn -0.1201 -0.7567 -0.6426
vn -0.1209 -0.7331 -0.6692
vn -0.1973 -0.7262 -0.6586
vn -0.2110 -0.6332 -0.7447
vn -0.2233 -0.5662 -0.7934
vn -0.1344 -0.6369 -0.7591
vn -0.1463 -0.5681 -0.8099
vn -0.1621 -0.4910 -0.8559
vn -0.2394 -0.4915 -0.8373
vn -0.2980 -0.2531 -0.9204
vn -0.3394 -0.0835 -0.9369
vn -0.2210 -0.2431 -0.9445
vn -0.2632 -0.0666 -0.9624
vn -0.3112 0.1312 -0.9412
vn -0.3857 0.1068 -0.9164
vn -0.4718 0.4370 -0.7658
vn -0.5048 0.5471 -0.6678
vn -0.4006 0.4738 -0.7842
vn -0.4350 0.5880 -0.6819
vn -0.4602 0.6732 -0.5788
vn -0.5283 0.6298 -0.5695
vn -0.5821 0.8128 -0.0225
vn -0.5202 0.8540 -0.0100
vn -0.4996 0.8660 0.0223
vn -0.5638 0.8259 0.0078
vn -0.5473 0.6984 -0.4612
vn -0.4812 0.7430 -0.4652
vn -0.4314 0.2898 -0.8544
vn -0.3586 0.3211 -0.8766
vn -0.2637 -0.3917 -0.8815
vn -0.1864 -0.3874 -0.9029
vn -0.2035 -0.7754 -0.5978
vn -0.1259 -0.7852 -0.6063
vn -0.2018 -0.6893 -0.6958
vn -0.1255 -0.6948 -0.7082
vn -0.2717 0.3242 0.9061
vn -0.2066 0.3335 0.9198
vn 0.0008 -0.5886 0.8084
vn 0.0008 -0.5887 0.8084
vn -0.0007 -0.5874 0.8093
vn -0.4169 0.3745 0.8282
vn -0.3683 0.3405 0.8651
vn -0.2185 0.4200 0.8809
vn -0.2125 0.3749 0.9024
vn -0.2083 0.3454 0.9150
vn -0.3358 0.3192 0.8862
vn -0.5838 0.4447 0.6792
vn -0.4942 0.4075 0.7680
vn -0.2338 0.5563 0.7974
vn -0.2254 0.4769 0.8496
vn -0.9692 -0.1641 -0.1839
vn -0.8657 -0.3346 -0.3724
vn -0.9960 -0.0726 -0.0525
vn 0.1939 -0.6661 -0.7202
vn -0.7096 -0.4733 -0.5221
vn -0.2819 0.4145 0.8653
vn -0.2618 0.4809 0.8368
vn -0.2521 0.4793 0.8407
vn -0.9979 0.0055 0.0639
vn -0.4314 0.4402 0.7875
vn -0.5718 0.4054 0.7132
vn -0.3035 0.3138 0.8997
vn -0.3392 0.3229 0.8835
vn -0.2062 0.3310 0.9208
vn -0.9882 -0.0198 -0.1518
vn -0.9739 -0.0404 -0.2236
vn -0.6392 0.3221 0.6984
vn -0.7871 0.2880 0.5455
vn -0.3996 0.3432 0.8500
vn 0.1382 -0.5713 -0.8090
vn 0.1445 -0.5931 -0.7921
vn 0.0950 -0.5477 -0.8313
vn 0.1658 -0.6026 -0.7806
vn 0.2372 -0.5931 -0.7694
vn 0.0548 -0.5363 -0.8422
vn -0.8894 -0.1560 -0.4297
vn -0.8134 -0.2268 -0.5357
vn -0.9496 -0.0764 -0.3039
vn -0.9147 -0.2808 -0.2908
vn -0.9440 -0.2293 -0.2374
vn -0.3079 -0.6983 -0.6463
vn -0.3719 -0.6706 -0.6419
vn -0.8741 0.3554 0.3311
vn -0.8194 0.4160 0.3943
vn -0.9841 -0.1209 -0.1299
vn -0.9934 -0.0776 -0.0843
vn -0.6533 0.5002 0.5683
vn -0.5922 0.5345 0.6030
vn -0.7230 0.4654 0.5106
vn -0.1529 -0.7219 -0.6749
vn -0.2375 -0.7395 -0.6299
vn -0.2222 -0.7667 -0.6023
vn -0.9680 -0.1724 -0.1824
vn -0.7464 0.4685 0.4726
vn -0.1431 -0.7917 -0.5939
vn -0.0732 -0.8012 -0.5940
vn -0.0502 -0.6840 -0.7278
vn -0.9906 0.0672 -0.1190
vn -0.9522 0.2935 -0.0848
vn -0.8835 0.4660 -0.0471
vn -0.8655 0.4993 -0.0404
vn -0.4147 0.9060 0.0849
vn -0.3804 0.9184 0.1088
vn -0.3270 0.9378 0.1163
vn -0.3521 0.9306 0.1003
vn -0.2958 0.9480 0.1179
vn -0.3144 0.9432 0.1074
vn -0.7949 0.6064 -0.0173
vn -0.8848 -0.4449 -0.1383
vn -0.9687 -0.1984 -0.1492
vn -0.9699 -0.1965 -0.1436
vn -0.9583 -0.2460 -0.1453
vn -0.9779 -0.1537 -0.1419
vn -0.9804 -0.1376 -0.1408
vn -0.9662 -0.2138 -0.1439
vn -0.9552 -0.2579 -0.1454
vn 0.0066 -0.9993 0.0360
vn -0.0203 -0.9997 0.0150
vn 0.0475 -0.9985 0.0272
vn 0.0702 -0.9964 0.0467
vn -0.7532 -0.6472 -0.1178
vn -0.6244 -0.7754 -0.0942
vn -0.6094 -0.7875 -0.0920
vn -0.4978 -0.8640 -0.0754
vn 0.0892 -0.9954 0.0337
vn 0.1095 -0.9930 0.0445
vn -0.4392 0.8982 0.0197
vn -0.4043 0.9102 0.0903
vn -0.3895 0.9071 0.1594
vn -0.4162 0.9053 0.0845
vn 0.1792 -0.9744 0.1358
vn 0.0272 -0.9940 0.1058
vn 0.0347 -0.9895 0.1400
vn 0.1720 -0.9692 0.1764
vn 0.8775 0.2055 0.4334
vn 0.8918 0.2086 0.4014
vn 0.8894 0.2080 0.4071
vn 0.9117 0.2191 0.3475
vn 0.9170 0.2261 0.3286
vn 0.9104 0.2173 0.3521
vn -0.4854 0.8717 -0.0673
vn -0.4525 0.8916 0.0152
vn -0.4269 0.9038 0.0302
vn -0.4587 0.8872 -0.0493
vn -0.4465 0.8920 0.0708
vn -0.4252 0.9011 0.0847
vn -0.4109 0.9001 0.1451
vn -0.0513 -0.9987 0.0056
vn -0.0572 -0.9971 -0.0510
vn -0.0325 -0.9993 -0.0197
vn -0.0308 -0.9990 0.0333
vn -0.0920 -0.9876 -0.1272
vn -0.0638 -0.9930 -0.0996
vn -0.0445 -0.9981 -0.0416
vn -0.0106 -0.9997 0.0239
vn -0.0132 -0.9971 0.0748
vn -0.3954 0.9119 0.1098
vn -0.3806 0.9175 0.1157
vn -0.2196 0.9646 0.1463
vn -0.2198 0.9643 0.1475
vn -0.2250 0.9545 0.1958
vn -0.3711 0.9132 0.1686
vn -0.1216 -0.9772 -0.1741
vn -0.0916 -0.9861 -0.1389
vn -0.7045 -0.4598 -0.5407
vn -0.7499 -0.3416 -0.5665
vn -0.7539 -0.3586 -0.5504
vn -0.6936 -0.4902 -0.5279
vn -0.8352 -0.3873 -0.3904
vn -0.7525 -0.5433 -0.3722
vn -0.0759 -0.9948 -0.0673
vn -0.7901 -0.2014 -0.5789
vn -0.7978 -0.2021 -0.5681
vn -0.8227 -0.0530 -0.5660
vn -0.8343 -0.0340 -0.5502
vn -0.9226 -0.0101 -0.3857
vn -0.8891 -0.2061 -0.4086
vn 0.1875 -0.9785 0.0865
vn 0.0032 -0.9988 0.0486
vn 0.0179 -0.9979 0.0620
vn 0.1866 -0.9781 0.0920
vn -0.8415 0.0763 -0.5348
vn -0.8391 0.1097 -0.5328
vn -0.5107 0.8512 -0.1212
vn -0.4838 0.8709 -0.0862
vn -0.4682 0.8836 -0.0097
vn -0.9110 0.1616 -0.3794
vn -0.9774 -0.1083 -0.1813
vn -0.9845 -0.0266 -0.1734
vn -0.9791 -0.0190 -0.2027
vn -0.9704 -0.1048 -0.2174
vn -0.7130 0.7001 -0.0395
vn -0.6679 0.7439 -0.0204
vn -0.6511 0.7590 -0.0048
vn -0.6956 0.7178 -0.0317
vn -0.6274 0.7786 -0.0106
vn -0.6688 0.7420 -0.0466
vn -0.9643 -0.0089 -0.2646
vn -0.9536 -0.1007 -0.2837
vn 0.1923 -0.9797 0.0559
vn -0.1376 -0.9905 0.0012
vn -0.1168 -0.9930 0.0189
vn 0.1898 -0.9792 0.0718
vn -0.2330 -0.9722 -0.0247
vn -0.2130 -0.9770 -0.0121
vn -0.1866 -0.9824 -0.0055
vn -0.0945 -0.9951 0.0302
vn 0.1884 -0.9788 0.0807
vn -0.9388 -0.2895 -0.1866
vn -0.9615 -0.2004 -0.1881
vn -0.9527 -0.2021 -0.2270
vn -0.9283 -0.2958 -0.2251
vn -0.9334 -0.2042 -0.2952
vn -0.9067 -0.3040 -0.2922
vn -0.3164 -0.9459 -0.0714
vn -0.3755 -0.9225 -0.0891
vn -0.3495 -0.9314 -0.1013
vn -0.2921 -0.9532 -0.0775
vn -0.9114 -0.3681 -0.1838
vn -0.8988 -0.3779 -0.2221
vn -0.8746 -0.3910 -0.2866
vn -0.3121 -0.9418 -0.1250
vn -0.2592 -0.9613 -0.0933
vn -0.5989 0.8003 0.0293
vn -0.5187 0.8531 0.0570
vn -0.5010 0.8601 0.0958
vn -0.5828 0.8101 0.0631
vn -0.2158 0.9698 0.1135
vn -0.2201 0.9638 0.1505
vn -0.2221 0.9603 0.1687
vn -0.4818 0.8686 0.1163
vn -0.5613 0.8238 0.0793
vn -0.2511 -0.9670 -0.0436
vn -0.2307 -0.9722 -0.0395
vn -0.2024 -0.9784 -0.0424
vn -0.6148 0.7886 0.0097
vn -0.5994 0.7997 0.0356
vn -0.5774 0.8153 0.0426
vn -0.9466 0.0083 -0.3224
vn -0.9351 -0.0916 -0.3424
vn -0.5942 0.8040 -0.0238
vn -0.6318 0.7726 -0.0627
vn -0.5564 0.8302 -0.0345
vn -0.5905 0.8032 -0.0783
vn -0.9256 0.0311 -0.3773
vn -0.9120 -0.0796 -0.4025
vn -0.0670 -0.9972 0.0332
vn 0.1886 -0.9788 0.0797
vn -0.1515 -0.9885 -0.0036
vn -0.1148 -0.9934 0.0006
vn -0.0402 -0.9985 0.0374
vn -0.9121 -0.2053 -0.3550
vn -0.8823 -0.3142 -0.3505
vn -0.8860 -0.2056 -0.4156
vn -0.8521 -0.3259 -0.4094
vn -0.2643 -0.9543 -0.1398
vn -0.2170 -0.9706 -0.1042
vn -0.8463 -0.4088 -0.3417
vn -0.8117 -0.4291 -0.3961
vn -0.2136 -0.9655 -0.1491
vn -0.1717 -0.9791 -0.1091
vn -0.4580 0.8813 0.1162
vn -0.5323 0.8429 0.0785
vn -0.2216 0.9613 0.1640
vn -0.2208 0.9626 0.1569
vn -0.4342 0.8936 0.1138
vn -0.5009 0.8621 0.0766
vn -0.1650 -0.9852 -0.0457
vn -0.1256 -0.9911 -0.0450
vn -0.5469 0.8364 0.0369
vn -0.5134 0.8576 0.0316
vn -0.0270 -0.9996 0.0082
vn 0.0009 -0.9986 0.0527
vn -0.0849 0.0752 0.9935
vn -0.0794 0.0762 0.9939
vn 0.2894 0.1410 0.9468
vn 0.2503 0.1347 0.9588
vn -0.3478 0.9282 0.1325
vn -0.3034 0.9435 0.1331
vn -0.2297 0.9422 0.2438
vn -0.3674 0.9044 0.2170
vn 0.0295 -0.9981 0.0534
vn 0.0869 -0.9939 0.0675
vn -0.4046 0.8928 0.1979
vn -0.0584 -0.9982 -0.0103
vn -0.8881 -0.4099 -0.2080
vn -0.7884 -0.5857 -0.1879
vn -0.9544 -0.2022 -0.2197
vn -0.9805 0.0199 -0.1957
vn -0.1605 0.0607 0.9852
vn 0.0021 -0.9955 0.0947
vn -0.9607 0.2170 -0.1733
vn -0.4502 0.8913 0.0536
vn -0.6299 0.7766 -0.0131
vn -0.6833 0.7291 -0.0392
vn -0.6155 0.7881 0.0032
vn -0.2722 -0.9614 -0.0412
vn -0.2554 -0.9665 -0.0254
vn -0.3392 -0.9384 -0.0659
vn -0.5402 0.8411 0.0276
vn -0.2125 0.9733 0.0872
vn -0.3994 -0.9131 -0.0820
vn -0.9425 -0.2845 -0.1754
vn -0.9170 -0.3596 -0.1725
vn -0.9636 -0.1999 -0.1774
vn -0.9785 -0.1126 -0.1727
vn -0.1650 -0.9863 -0.0021
vn 0.1923 -0.9797 0.0564
vn -0.9853 -0.0348 -0.1670
vn -0.7284 0.6828 -0.0563
vn -0.8881 0.0536 -0.4565
vn -0.8700 -0.0671 -0.4885
vn -0.5193 0.8529 -0.0532
vn -0.5490 0.8291 -0.1054
vn -0.0178 -0.9989 0.0430
vn 0.1882 -0.9787 0.0823
vn -0.0819 -0.9966 0.0048
vn -0.8409 -0.2043 -0.5011
vn -0.8032 -0.3351 -0.4925
vn -0.1649 -0.9723 -0.1659
vn -0.1290 -0.9845 -0.1185
vn -0.7606 -0.4458 -0.4720
vn -0.4134 0.9038 0.1104
vn -0.4719 0.8787 0.0722
vn -0.2201 0.9639 0.1501
vn -0.0895 -0.9949 -0.0462
vn -0.4816 0.8761 0.0215
vn 0.5218 0.1746 0.8350
vn 0.1293 -0.9901 0.0552
vn 0.7407 -0.5551 0.3784
vn 0.7787 -0.5344 0.3287
vn 0.7728 -0.5371 0.3382
vn 0.7377 -0.5577 0.3804
vn 0.7988 -0.5244 0.2948
vn 0.4341 0.7986 0.4169
vn 0.4675 0.8071 0.3606
vn 0.4663 0.8068 0.3629
vn 0.4341 0.7986 0.4168
vn 0.4804 0.8106 0.3348
vn -0.0067 0.6915 0.7223
vn 0.2993 0.7776 0.5530
vn 0.2563 0.7670 0.5882
vn -0.0404 0.6811 0.7311
vn 0.6073 -0.5885 0.5337
vn 0.6030 -0.5889 0.5382
vn 0.2768 -0.6184 0.7355
vn 0.2866 -0.6174 0.7326
vn -0.2385 0.6086 0.7568
vn -0.2320 0.6149 0.7537
vn -0.2428 0.6119 0.7527
vn -0.0002 -0.6312 0.7756
vn -0.0028 -0.6314 0.7755
vn 0.0074 -0.6147 0.7887
vn -0.2764 0.9524 0.1287
vn -0.2038 0.3145 0.9271
vn -0.2434 0.4786 0.8437
vn -0.2699 0.4596 0.8461
vn 0.2418 -0.7236 -0.6465
vn -0.2571 0.3923 0.8832
vn 0.2437 -0.6881 -0.6834
vn 0.2401 -0.7348 -0.6344
vn 0.0078 -0.5902 0.8072
vn 0.0082 -0.5902 0.8072
vn 0.0179 -0.5907 0.8067
vn -0.1086 -0.1863 0.9765
vn 0.0667 -0.1420 0.9876
vn 0.0415 -0.1489 0.9880
vn 0.2660 -0.0516 0.9626
vn 0.2426 -0.0671 0.9678
vn 0.7777 -0.6209 -0.0985
vn 0.5579 -0.8299 -0.0034
vn 0.5368 -0.8437 0.0001
vn 0.7782 -0.6202 -0.0989
vn 0.4152 0.1036 0.9038
vn 0.4046 0.0889 0.9102
vn 0.3134 -0.9495 0.0124
vn 0.2968 -0.9549 0.0092
vn 0.2019 -0.9794 -0.0079
vn 0.5060 0.3028 0.8076
vn 0.5042 0.3172 0.8033
vn 0.5042 0.3172 0.8032
vn 0.5059 0.3030 0.8076
vn 0.5039 0.3283 0.7989
vn 0.8580 -0.4707 -0.2057
vn 0.8606 -0.4731 -0.1884
vn 0.8599 -0.4742 -0.1889
vn 0.8581 -0.4685 -0.2101
vn 0.8633 -0.4691 -0.1864
vn 0.8527 -0.4822 -0.2009
vn 0.8501 -0.4908 -0.1910
vn 0.4937 0.2460 0.8341
vn 0.4952 0.2516 0.8315
vn 0.4075 0.7346 0.5426
vn 0.3368 0.7576 0.5591
vn 0.3216 0.7631 0.5605
vn 0.3948 0.7404 0.5440
vn 0.3138 0.7676 0.5589
vn 0.3877 0.7443 0.5438
vn 0.3045 0.7678 0.5638
vn 0.2966 0.7728 0.5611
vn 0.3196 0.7627 0.5622
vn 0.9845 0.1416 0.1036
vn 0.9692 0.1986 0.1457
vn 0.9843 0.1423 0.1043
vn 0.9692 0.1974 0.1473
vn 0.9844 0.1410 0.1054
vn 0.9491 0.2538 0.1863
vn 0.9490 0.2531 0.1879
vn 0.9489 0.2544 0.1869
vn 0.5906 -0.6496 -0.4788
vn 0.6531 -0.6095 -0.4493
vn 0.6529 -0.6104 -0.4485
vn 0.5904 -0.6504 -0.4779
vn 0.6503 -0.6070 -0.4567
vn 0.5881 -0.6463 -0.4862
vn 0.7188 -0.5603 -0.4117
vn 0.7162 -0.5579 -0.4192
vn 0.7190 -0.5594 -0.4124
vn 0.9937 0.0899 0.0675
vn 0.9936 0.0911 0.0667
vn 0.9938 0.0897 0.0654
vn 0.8253 -0.4550 -0.3344
vn 0.7828 -0.5014 -0.3685
vn 0.7825 -0.5010 -0.3696
vn 0.8246 -0.4552 -0.3359
vn 0.8234 -0.4554 -0.3387
vn 0.7804 -0.5013 -0.3737
vn 0.4528 0.7195 0.5266
vn 0.4591 0.7159 0.5260
vn 0.4694 0.7101 0.5247
vn 0.9270 0.3024 0.2220
vn 0.9265 0.3032 0.2231
vn 0.9268 0.3019 0.2235
vn 0.1310 0.8030 0.5814
vn 0.2092 0.7918 0.5738
vn 0.2165 0.7870 0.5778
vn 0.1373 0.7984 0.5862
vn 0.2303 0.7835 0.5772
vn 0.1497 0.7961 0.5864
vn 0.7314 -0.5488 -0.4047
vn 0.7312 -0.5497 -0.4039
vn 0.7287 -0.5483 -0.4104
vn 0.2811 0.7242 0.6297
vn 0.2870 0.6845 0.6702
vn 0.3040 0.6806 0.6666
vn 0.2982 0.7196 0.6271
vn 0.3787 0.6630 0.6458
vn 0.3726 0.7000 0.6093
vn 0.3149 0.6222 0.7167
vn 0.3897 0.6076 0.6921
vn 0.2980 0.6252 0.7214
vn 0.9849 0.1443 0.0962
vn 0.9847 0.1473 0.0930
vn 0.9935 0.1037 0.0464
vn 0.9940 0.0967 0.0518
vn 0.8126 -0.4174 -0.4068
vn 0.8133 -0.3843 -0.4369
vn 0.7694 -0.4233 -0.4784
vn 0.7688 -0.4586 -0.4457
vn 0.8143 -0.3327 -0.4756
vn 0.7702 -0.3692 -0.5201
vn 0.9843 0.1524 0.0892
vn 0.9927 0.1139 0.0401
vn 0.4431 0.6419 0.6258
vn 0.4372 0.6779 0.5910
vn 0.9250 0.2982 0.2353
vn 0.9257 0.2915 0.2408
vn 0.9492 0.2464 0.1956
vn 0.9486 0.2506 0.1931
vn 0.9272 0.2812 0.2476
vn 0.9500 0.2407 0.1988
vn 0.4538 0.5890 0.6687
vn 0.7176 -0.4648 -0.5187
vn 0.7169 -0.5015 -0.4844
vn 0.7051 -0.4735 -0.5278
vn 0.7044 -0.5102 -0.4934
vn 0.7185 -0.4087 -0.5628
vn 0.7059 -0.4173 -0.5723
vn 0.9692 0.1984 0.1456
vn 0.9692 0.1985 0.1456
vn 0.9693 0.1984 0.1455
vn 0.1186 0.7483 0.6527
vn 0.1237 0.7062 0.6972
vn 0.2016 0.6979 0.6872
vn 0.1958 0.7394 0.6442
vn 0.2123 0.6360 0.7419
vn 0.1335 0.6425 0.7545
vn 0.1255 0.8008 0.5856
vn 0.2034 0.7901 0.5782
vn 0.2899 0.7717 0.5661
vn 0.1975 0.7801 0.5936
vn 0.2834 0.7628 0.5812
vn 0.1204 0.7901 0.6010
vn 0.9488 0.2537 0.1881
vn 0.9692 0.1980 0.1466
vn 0.9846 0.1412 0.1033
vn 0.9692 0.1991 0.1450
vn 0.9847 0.1424 0.1000
vn 0.9485 0.2547 0.1884
vn 0.7762 -0.4984 -0.3860
vn 0.7242 -0.5444 -0.4232
vn 0.7118 -0.5535 -0.4324
vn 0.7201 -0.5371 -0.4393
vn 0.7077 -0.5463 -0.4481
vn 0.7720 -0.4920 -0.4024
vn 0.3813 0.7431 0.5499
vn 0.4460 0.7190 0.5330
vn 0.9260 0.3032 0.2249
vn 0.9253 0.3041 0.2265
vn 0.3747 0.7358 0.5640
vn 0.4394 0.7125 0.5471
vn 0.9939 0.0900 0.0643
vn 0.8193 -0.4534 -0.3509
vn 0.8156 -0.4478 -0.3664
vn 0.9940 0.0915 0.0593
vn 0.3070 0.7662 0.5645
vn 0.3005 0.7577 0.5793
vn 0.9827 0.1658 0.0829
vn 0.9814 0.1746 0.0803
vn 0.9875 0.1555 0.0260
vn 0.9899 0.1388 0.0295
vn 0.8126 -0.2008 -0.5471
vn 0.8097 -0.1105 -0.5763
vn 0.7647 -0.1362 -0.6298
vn 0.7682 -0.2316 -0.5968
vn 0.8010 0.0079 -0.5987
vn 0.7549 -0.0100 -0.6558
vn 0.9794 0.1858 0.0786
vn 0.9840 0.1763 0.0241
vn 0.9523 0.2269 0.2042
vn 0.9541 0.2178 0.2056
vn 0.9693 0.1984 0.1454
vn 0.9693 0.1985 0.1453
vn 0.9563 0.2077 0.2060
vn 0.4231 0.4597 0.7808
vn 0.4502 0.3593 0.8175
vn 0.5118 0.3554 0.7822
vn 0.4860 0.4498 0.7493
vn 0.9316 0.2544 0.2596
vn 0.9351 0.2370 0.2635
vn 0.9394 0.2170 0.2653
vn 0.4826 0.2421 0.8417
vn 0.5426 0.2447 0.8035
vn 0.3328 0.4632 0.8214
vn 0.3611 0.3524 0.8634
vn 0.3771 0.3566 0.8548
vn 0.3492 0.4644 0.8139
vn 0.4105 0.2327 0.8817
vn 0.3945 0.2274 0.8903
vn 0.7132 -0.1666 -0.6809
vn 0.7165 -0.2662 -0.6448
vn 0.7005 -0.1752 -0.6918
vn 0.7038 -0.2751 -0.6550
vn 0.7030 -0.0326 -0.7104
vn 0.6901 -0.0392 -0.7226
vn 0.1667 0.4656 0.8691
vn 0.1945 0.3432 0.9189
vn 0.2755 0.3476 0.8963
vn 0.2469 0.4653 0.8500
vn 0.3092 0.2160 0.9261
vn 0.2280 0.2062 0.9516
vn 0.9737 0.2133 0.0799
vn 0.9701 0.2275 0.0846
vn 0.9676 0.2497 0.0365
vn 0.9740 0.2250 0.0285
vn 0.7527 0.3007 -0.5856
vn 0.7136 0.4501 -0.5368
vn 0.6606 0.4626 -0.5913
vn 0.7022 0.3037 -0.6440
vn 0.6747 0.5721 -0.4663
vn 0.6196 0.5920 -0.5154
vn 0.9667 0.2391 0.0915
vn 0.9615 0.2706 0.0479
vn 0.9615 0.1850 0.2031
vn 0.9646 0.1730 0.1991
vn 0.9692 0.1988 0.1453
vn 0.9692 0.1987 0.1452
vn 0.9692 0.1988 0.1454
vn 0.9676 0.1620 0.1938
vn 0.5539 -0.0336 0.8319
vn 0.5926 -0.1883 0.7832
vn 0.6458 -0.1604 0.7465
vn 0.6099 -0.0161 0.7923
vn 0.9499 0.1714 0.2614
vn 0.9561 0.1465 0.2536
vn 0.9623 0.1244 0.2418
vn 0.6289 -0.3263 0.7057
vn 0.6796 -0.2880 0.6746
vn 0.4671 -0.0588 0.8822
vn 0.5086 -0.2248 0.8311
vn 0.5248 -0.2205 0.8221
vn 0.4838 -0.0558 0.8734
vn 0.5645 -0.3688 0.7385
vn 0.5492 -0.3768 0.7459
vn 0.6026 0.4727 -0.6430
vn 0.6471 0.3034 -0.6994
vn 0.5876 0.4755 -0.6546
vn 0.6329 0.3037 -0.7122
vn 0.5589 0.6095 -0.5623
vn 0.5436 0.6136 -0.5728
vn 0.3033 -0.1054 0.9470
vn 0.3493 -0.2892 0.8913
vn 0.4281 -0.2589 0.8658
vn 0.3838 -0.0834 0.9196
vn 0.4716 -0.4210 0.7748
vn 0.3958 -0.4593 0.7952
vn 0.9615 0.2537 0.1052
vn 0.9589 0.2607 0.1119
vn 0.9468 0.3107 0.0841
vn 0.9517 0.2986 0.0711
vn 0.6082 0.7260 -0.3210
vn 0.5733 0.7830 -0.2415
vn 0.5120 0.8156 -0.2696
vn 0.5493 0.7558 -0.3565
vn 0.5356 0.8342 -0.1310
vn 0.4724 0.8682 -0.1518
vn 0.9557 0.2677 0.1222
vn 0.9411 0.3219 0.1031
vn 0.9716 0.1474 0.1852
vn 0.9735 0.1422 0.1789
vn 0.9691 0.1989 0.1456
vn 0.9692 0.1988 0.1456
vn 0.9691 0.1990 0.1456
vn 0.9762 0.1367 0.1686
vn 0.6623 -0.4762 0.5784
vn 0.6742 -0.5376 0.5064
vn 0.7235 -0.4920 0.4842
vn 0.7127 -0.4311 0.5534
vn 0.9700 0.0982 0.2223
vn 0.9735 0.0865 0.2116
vn 0.9787 0.0736 0.1919
vn 0.6980 -0.6069 0.3802
vn 0.7450 -0.5575 0.3663
vn 0.5827 -0.5277 0.6181
vn 0.5934 -0.5906 0.5469
vn 0.6109 -0.5856 0.5328
vn 0.5996 -0.5221 0.6066
vn 0.6370 -0.6607 0.3971
vn 0.6211 -0.6691 0.4081
vn 0.4444 0.8459 -0.2948
vn 0.4833 0.7840 -0.3895
vn 0.4271 0.8540 -0.2971
vn 0.4665 0.7916 -0.3946
vn 0.4038 0.8989 -0.1699
vn 0.3864 0.9063 -0.1709
vn 0.4343 -0.6176 0.6557
vn 0.4474 -0.6808 0.5799
vn 0.5185 -0.6393 0.5678
vn 0.5059 -0.5764 0.6417
vn 0.5498 -0.7219 0.4202
vn 0.4804 -0.7665 0.4263
vn 0.9516 0.2732 0.1406
vn 0.9511 0.2759 0.1389
vn 0.9294 0.3423 0.1379
vn 0.9319 0.3362 0.1359
vn 0.4701 0.8806 0.0599
vn 0.4441 0.8910 0.0942
vn 0.3807 0.9202 0.0908
vn 0.4067 0.9121 0.0523
vn 0.4184 0.9019 0.1069
vn 0.3554 0.9287 0.1062
vn 0.9516 0.2792 0.1286
vn 0.9279 0.3493 0.1301
vn 0.9803 0.1255 0.1523
vn 0.9821 0.1212 0.1439
vn 0.9702 0.1983 0.1394
vn 0.9693 0.1987 0.1450
vn 0.9720 0.1977 0.1267
vn 0.9848 0.1163 0.1291
vn 0.7134 -0.6766 0.1826
vn 0.7042 -0.6946 0.1472
vn 0.7514 -0.6432 0.1471
vn 0.7602 -0.6238 0.1817
vn 0.9857 0.0572 0.1584
vn 0.9878 0.0499 0.1474
vn 0.9906 0.0411 0.1304
vn 0.6920 -0.7129 0.1136
vn 0.7396 -0.6634 0.1139
vn 0.6416 -0.7416 0.1959
vn 0.6320 -0.7578 0.1620
vn 0.6470 -0.7471 0.1525
vn 0.6562 -0.7308 0.1877
vn 0.6350 -0.7633 0.1192
vn 0.6192 -0.7745 0.1293
vn 0.3080 0.9469 0.0924
vn 0.3346 0.9411 0.0486
vn 0.2895 0.9519 0.1001
vn 0.3168 0.9470 0.0531
vn 0.2826 0.9528 0.1112
vn 0.2629 0.9572 0.1209
vn 0.5088 -0.8393 0.1916
vn 0.4988 -0.8525 0.1562
vn 0.5628 -0.8107 0.1615
vn 0.5728 -0.7959 0.1960
vn 0.5467 -0.8275 0.1280
vn 0.4802 -0.8687 0.1219
vn 0.4253 -0.5646 0.7074
vn 0.4983 -0.5232 0.6913
vn 0.5751 -0.4739 0.6669
vn 0.5835 0.6867 -0.4335
vn 0.5201 0.7103 -0.4743
vn 0.5042 0.7161 -0.4827
vn 0.5904 -0.4655 0.6593
vn 0.6527 -0.4188 0.6313
vn 0.7028 -0.3748 0.6046
vn 0.9670 0.1090 0.2304
vn 0.9699 0.1534 0.1890
vn 0.9692 0.1988 0.1455
vn 0.9639 0.2472 0.0990
vn 0.9563 0.2862 0.0601
vn 0.6405 0.6611 -0.3908
vn 0.2640 0.0584 0.9627
vn 0.3452 0.0739 0.9356
vn 0.4299 0.0917 0.8982
vn 0.7347 0.1392 -0.6639
vn 0.6817 0.1271 -0.7205
vn 0.6683 0.1237 -0.7336
vn 0.4461 0.0961 0.8898
vn 0.5173 0.1116 0.8485
vn 0.5755 0.1211 0.8088
vn 0.9443 0.1952 0.2648
vn 0.9587 0.1967 0.2053
vn 0.9769 0.1988 0.0783
vn 0.9796 0.1997 0.0246
vn 0.7826 0.1472 -0.6049
vn 0.1471 0.5637 0.8128
vn 0.2265 0.5598 0.7971
vn 0.3124 0.5525 0.7727
vn 0.7697 -0.3046 -0.5610
vn 0.7180 -0.3416 -0.6065
vn 0.7053 -0.3502 -0.6163
vn 0.3293 0.5511 0.7668
vn 0.4037 0.5404 0.7382
vn 0.4674 0.5257 0.7108
vn 0.9291 0.2687 0.2542
vn 0.9509 0.2344 0.2019
vn 0.9836 0.1588 0.0858
vn 0.9915 0.1256 0.0342
vn 0.8139 -0.2707 -0.5141
vn 0.1178 0.7747 0.6212
vn 0.1948 0.7651 0.6137
vn 0.2802 0.7487 0.6008
vn 0.9485 0.2529 0.1909
vn 0.9849 0.1426 0.0986
vn 0.7697 -0.4792 -0.4219
vn 0.7177 -0.5231 -0.4597
vn 0.7053 -0.5318 -0.4688
vn 0.3717 0.7225 0.5829
vn 0.4363 0.6996 0.5659
vn 0.9250 0.3019 0.2309
vn 0.9941 0.0929 0.0560
vn 0.8133 -0.4366 -0.3846
vn 0.2974 0.7436 0.5989
vn 0.5056 -0.8197 0.2692
vn 0.5717 -0.7745 0.2709
vn 0.6410 -0.7193 0.2677
vn 0.4360 0.8995 -0.0288
vn 0.3657 0.9299 -0.0394
vn 0.3482 0.9366 -0.0384
vn 0.6557 -0.7088 0.2599
vn 0.7139 -0.6532 0.2523
vn 0.7601 -0.6006 0.2481
vn 0.9832 0.0640 0.1708
vn 0.9786 0.1307 0.1588
vn 0.9691 0.1989 0.1457
vn 0.9531 0.2714 0.1339
vn 0.9359 0.3301 0.1231
vn 0.4997 0.8661 -0.0148
vn 0.4366 0.6590 0.6124
vn 0.4129 0.6236 0.6638
vn 0.1899 0.6074 0.7714
vn 0.2776 0.6583 0.6997
vn 0.1290 0.5551 0.8217
vn 0.2327 0.6180 0.7510
vn 0.1135 0.5278 0.8417
vn 0.0429 0.4844 0.8738
vn 0.3841 0.5575 0.7359
vn 0.6518 -0.4832 -0.5846
vn 0.5610 -0.4857 -0.6704
vn 0.6073 -0.4332 -0.6660
vn 0.6977 -0.4272 -0.5751
vn 0.9897 0.1305 -0.0593
vn 0.9859 0.1338 -0.1007
vn 0.9807 0.1942 -0.0214
vn 0.9824 0.1868 0.0090
vn 0.9845 0.1219 -0.1260
vn 0.9815 0.1882 -0.0344
vn 0.4781 -0.4815 -0.7345
vn 0.5234 -0.4433 -0.7277
vn 0.4648 -0.6722 -0.5763
vn 0.5393 -0.6749 -0.5036
vn 0.5083 -0.6240 -0.5934
vn 0.5949 -0.6190 -0.5127
vn 0.3955 -0.6073 -0.6890
vn 0.4273 -0.5764 -0.6966
vn 0.9479 0.2905 0.1310
vn 0.9483 0.2954 0.1163
vn 0.9307 0.3278 0.1623
vn 0.9285 0.3265 0.1771
vn 0.5618 0.6242 0.5429
vn 0.5797 0.5859 0.5663
vn 0.5783 0.5282 0.6217
vn 0.9495 0.2897 0.1208
vn 0.9329 0.3190 0.1673
vn 0.9649 0.2560 0.0593
vn 0.9663 0.2458 0.0764
vn 0.9652 0.2544 0.0605
vn 0.3400 0.7511 0.5658
vn 0.2488 0.7738 0.5825
vn 0.1666 0.7878 0.5930
vn 0.2528 0.7442 0.6183
vn 0.1711 0.7568 0.6308
vn 0.3454 0.7249 0.5960
vn 0.3485 0.4991 0.7934
vn 0.0642 0.4555 0.8879
vn -0.0056 0.4234 0.9059
vn 0.0247 0.4251 0.9048
vn -0.0378 0.3906 0.9198
vn 0.2999 0.4862 0.8208
vn 0.3761 -0.5245 -0.7639
vn 0.3797 -0.5071 -0.7738
vn 0.4304 -0.5398 -0.7235
vn 0.4248 -0.4718 -0.7727
vn 0.3519 -0.5022 -0.7899
vn 0.3920 -0.4699 -0.7909
vn 0.3488 -0.5182 -0.7809
vn 0.3504 -0.5413 -0.7643
vn 0.3263 -0.5331 -0.7806
vn 0.4676 -0.4451 -0.7637
vn 0.9811 0.1133 -0.1566
vn 0.9814 0.1848 -0.0514
vn 0.9708 0.1206 -0.2073
vn 0.9759 0.1981 -0.0914
vn 0.4308 -0.4449 -0.7852
vn 0.9648 0.2566 0.0577
vn 0.9491 0.2902 0.1228
vn 0.9605 0.2766 0.0303
vn 0.9450 0.3112 0.1012
vn 0.9328 0.3151 0.1751
vn 0.5451 0.4927 0.6784
vn 0.4912 0.5040 0.7104
vn 0.9289 0.3319 0.1642
vn 0.9109 0.2956 0.2880
vn 0.8778 0.3257 0.3514
vn 0.7465 0.4324 0.5057
vn 0.8345 0.3740 0.4047
vn 0.0781 0.5481 0.8327
vn -0.0357 0.5425 0.8393
vn -0.1194 0.5179 0.8471
vn -0.0557 0.5269 0.8481
vn -0.1075 0.5359 0.8374
vn -0.1586 0.5115 0.8445
vn 0.6561 0.4819 0.5807
vn 0.2554 -0.6612 -0.7054
vn 0.2451 -0.6595 -0.7106
vn 0.2679 -0.6540 -0.7074
vn 0.2783 -0.6331 -0.7223
vn -0.9254 -0.3750 0.0552
vn -0.9266 -0.3722 0.0543
vn -0.9166 -0.3958 0.0560
vn -0.9162 -0.3968 0.0556
vn -0.9335 -0.3551 0.0489
vn 0.2673 -0.6908 -0.6718
vn 0.2718 -0.7202 -0.6383
vn 0.2943 -0.7161 -0.6329
vn 0.2886 -0.6861 -0.6678
vn 0.9370 -0.2312 -0.2618
vn 0.8989 -0.3243 -0.2946
vn 0.9016 -0.3193 -0.2917
vn 0.9387 -0.2251 -0.2612
vn 0.8722 -0.3700 -0.3201
vn 0.2743 -0.7291 -0.6271
vn 0.2982 -0.7250 -0.6208
vn 0.9761 0.1744 0.1293
vn 0.9793 0.1539 0.1315
vn 0.9717 0.1783 0.1553
vn 0.9699 0.1934 0.1478
vn 0.9737 0.1698 0.1518
vn 0.9629 0.1999 0.1811
vn 0.9812 0.1447 0.1274
vn 0.9491 0.2398 -0.2043
vn 0.9535 0.2173 -0.2089
vn 0.9347 0.3514 -0.0525
vn 0.9355 0.3481 -0.0609
vn 0.9081 0.4130 0.0689
vn 0.9179 0.3948 0.0401
vn 0.9532 0.3014 0.0228
vn 0.9134 0.3778 0.1517
vn 0.9779 0.1415 -0.1541
vn 0.3303 -0.5508 -0.7664
vn 0.3001 -0.6076 -0.7354
vn 0.3270 -0.5863 -0.7411
vn 0.3606 -0.5257 -0.7704
vn 0.9369 0.1331 -0.3232
vn 0.9363 0.0856 -0.3406
vn 0.9498 -0.0160 -0.3126
vn 0.3017 -0.6183 -0.7257
vn 0.2732 -0.6756 -0.6848
vn 0.2871 -0.6356 -0.7167
vn 0.2801 -0.6656 -0.6918
vn 0.3004 -0.6192 -0.7255
vn -0.1605 -0.7333 0.6607
vn -0.1603 -0.7333 0.6607
vn -0.1822 0.3721 0.9101
vn -0.2051 0.3916 0.8970
vn 0.2714 -0.6444 -0.7149
vn 0.2995 -0.5932 -0.7473
vn -0.8943 -0.4384 0.0895
vn -0.7769 -0.5726 0.2618
vn -0.7516 -0.5920 0.2908
vn -0.8908 -0.4443 0.0956
vn 0.2715 -0.6832 -0.6779
vn 0.2723 -0.6768 -0.6839
vn 0.1663 0.5133 0.8420
vn 0.0878 0.5179 0.8509
vn -0.1238 0.4200 0.8990
vn -0.0706 0.4167 0.9063
vn -0.1537 0.3908 0.9076
vn -0.1164 0.3721 0.9209
vn -0.4849 -0.7095 0.5114
vn -0.4685 -0.7132 0.5215
vn 0.2452 -0.6911 -0.6799
vn 0.8757 0.4555 0.1599
vn 0.8988 0.4217 0.1199
vn 0.3474 0.5633 0.7497
vn 0.2634 0.5701 0.7782
vn 0.1963 0.5615 0.8038
vn 0.0287 0.5205 0.8534
vn 0.8637 0.4351 0.2545
vn 0.9483 0.2558 0.1879
vn 0.9255 0.3044 0.2253
vn 0.4879 0.6956 0.5274
vn 0.4273 0.7207 0.5459
vn 0.5122 0.6694 0.5381
vn 0.4445 0.6975 0.5621
vn 0.9478 0.2614 0.1825
vn 0.9253 0.3072 0.2223
vn 0.9849 0.1411 0.1006
vn 0.9692 0.1994 0.1445
vn 0.9692 0.2062 0.1349
vn 0.9853 0.1474 0.0867
vn 0.7778 -0.5011 -0.3794
vn 0.8195 -0.4564 -0.3467
vn 0.9943 0.0875 0.0602
vn 0.9949 0.0920 0.0406
vn 0.7614 -0.4967 -0.4165
vn 0.8037 -0.4516 -0.3874
vn 0.5868 -0.6486 -0.4848
vn 0.6491 -0.6091 -0.4557
vn 0.7148 -0.5594 -0.4197
vn 0.6336 -0.6149 -0.4695
vn 0.6984 -0.5646 -0.4398
vn 0.5724 -0.6530 -0.4959
vn 0.7272 -0.5483 -0.4129
vn 0.7106 -0.5480 -0.4412
vn 0.3580 0.7450 0.5629
vn 0.3667 0.7218 0.5870
vn 0.2627 0.9634 -0.0535
vn 0.3008 0.9338 -0.1937
vn 0.1886 0.9797 -0.0682
vn 0.2268 0.9503 -0.2133
vn 0.2323 0.9716 0.0446
vn 0.1583 0.9868 0.0340
vn 0.6398 -0.5774 -0.5072
vn 0.6421 -0.5931 -0.4857
vn 0.5783 -0.6136 -0.5376
vn 0.5805 -0.6303 -0.5155
vn 0.6388 -0.5548 -0.5329
vn 0.5774 -0.5901 -0.5643
vn 0.6383 -0.3897 -0.6639
vn 0.6394 -0.4590 -0.6168
vn 0.5759 -0.4201 -0.7013
vn 0.5777 -0.4910 -0.6521
vn 0.6360 -0.3121 -0.7057
vn 0.5731 -0.3404 -0.7454
vn 0.5950 0.1079 -0.7965
vn 0.6192 -0.0651 -0.7825
vn 0.5287 0.0957 -0.8434
vn 0.5545 -0.0842 -0.8279
vn 0.5566 0.2998 -0.7748
vn 0.4888 0.2951 -0.8210
vn 0.4216 0.7369 -0.5285
vn 0.4626 0.6285 -0.6253
vn 0.3485 0.7485 -0.5641
vn 0.3911 0.6360 -0.6652
vn 0.3826 0.8164 -0.4326
vn 0.3087 0.8307 -0.4632
vn 0.2050 0.9741 0.0959
vn 0.1312 0.9874 0.0879
vn 0.1753 0.9773 0.1189
vn 0.0994 0.9887 0.1124
vn 0.3423 0.8807 -0.3274
vn 0.2682 0.8965 -0.3526
vn 0.5087 0.4824 -0.7130
vn 0.4390 0.4845 -0.7567
vn 0.6315 -0.2083 -0.7469
vn 0.5679 -0.2329 -0.7895
vn 0.6461 -0.6013 -0.4701
vn 0.5841 -0.6397 -0.4996
vn 0.6391 -0.5170 -0.5694
vn 0.5777 -0.5507 -0.6025
vn -0.1419 0.3508 0.9256
vn -0.0024 -0.5893 0.8079
vn -0.0018 -0.5876 0.8091
vn -0.0025 -0.5893 0.8079
vn -0.0518 0.4054 0.9127
vn -0.0118 0.4575 0.8891
vn -0.0781 0.3720 0.9249
vn 0.0605 0.5211 0.8513
vn 0.1500 0.5951 0.7896
vn 0.9946 0.0466 -0.0928
vn 0.9667 0.2326 0.1072
vn 0.9179 0.3195 0.2353
vn 0.2894 -0.6466 -0.7058
vn 0.9531 -0.1326 -0.2721
vn -0.1563 0.4403 0.8842
vn -0.2004 0.4899 0.8485
vn -0.1914 0.4953 0.8474
vn 0.8567 0.3855 0.3427
vn 0.1450 0.5523 0.8210
vn -0.0128 0.5259 0.8504
vn -0.0758 0.3769 0.9231
vn -0.1082 0.3539 0.9290
vn 0.9344 0.3506 0.0633
vn 0.9188 0.3710 0.1349
vn 0.4267 0.5367 0.7280
vn 0.2404 0.5023 0.8306
vn -0.0211 0.4207 0.9069
vn 0.3250 -0.5561 -0.7650
vn 0.3270 -0.5326 -0.7806
vn 0.3621 -0.4929 -0.7911
vn 0.3067 -0.5738 -0.7594
vn 0.3961 -0.4664 -0.7909
vn 0.9533 0.1352 -0.2701
vn 0.9629 0.2235 -0.1512
vn 0.9497 0.3127 -0.0184
vn 0.9847 0.1659 0.0525
vn 0.9939 0.1102 -0.0039
vn 0.7662 -0.4374 -0.4708
vn 0.7218 -0.4873 -0.4915
vn 0.4485 0.6758 0.5849
vn 0.5377 0.6447 0.5434
vn 0.9266 0.3158 0.2043
vn 0.9480 0.2749 0.1606
vn 0.1443 0.6854 0.7137
vn 0.2210 0.6794 0.6997
vn 0.3119 0.6774 0.6662
vn 0.6712 -0.5533 -0.4933
vn 0.6028 -0.5671 -0.5613
vn 0.6605 -0.5859 -0.4696
vn 0.9684 0.2243 0.1087
vn 0.3420 0.6915 0.6363
vn 0.5982 -0.6398 -0.4825
vn 0.5405 -0.6754 -0.5017
vn 0.5129 -0.5686 -0.6431
vn 0.8781 0.4501 0.1620
vn 0.5797 0.7954 0.1769
vn 0.6103 0.7721 0.1775
vn 0.7476 0.6418 0.1708
vn -0.0084 0.9893 0.1459
vn -0.0771 0.9869 0.1417
vn -0.1065 0.9830 0.1494
vn -0.0500 0.9861 0.1584
vn -0.1171 0.9836 0.1370
vn -0.1383 0.9802 0.1416
vn 0.4699 0.8656 0.1729
vn 0.9878 -0.0612 0.1432
vn 0.9778 0.1507 0.1457
vn 0.9685 0.2006 0.1477
vn 0.9697 0.1988 0.1422
vn 0.9585 0.2431 0.1492
vn 0.9719 0.1833 0.1474
vn 0.9542 0.2587 0.1501
vn 0.9796 0.1385 0.1455
vn 0.3687 -0.9251 0.0904
vn 0.3087 -0.9476 0.0826
vn 0.3349 -0.9396 0.0704
vn 0.3984 -0.9139 0.0779
vn 0.9442 -0.2994 0.1374
vn 0.8646 -0.4855 0.1296
vn 0.8737 -0.4684 0.1310
vn 0.7913 -0.5999 0.1184
vn 0.2734 -0.9594 0.0692
vn 0.2953 -0.9532 0.0646
vn 0.0346 0.9953 0.0909
vn -0.0066 0.9892 0.1461
vn -0.0519 0.9763 0.2101
vn -0.0206 0.9888 0.1479
vn 0.3108 -0.9330 0.1815
vn 0.3289 -0.9322 0.1511
vn -0.9725 -0.1736 0.1553
vn -0.9765 -0.1743 0.1266
vn -0.9773 -0.1744 0.1204
vn -0.9836 -0.1693 0.0626
vn -0.9830 -0.1706 0.0674
vn -0.9856 -0.1637 0.0426
vn 0.1100 0.9937 0.0222
vn 0.0755 0.9967 0.0310
vn 0.0187 0.9951 0.0972
vn 0.0501 0.9946 0.0908
vn 0.0029 0.9888 0.1491
vn 0.0290 0.9894 0.1423
vn -0.0264 0.9788 0.2029
vn 0.4279 -0.9005 0.0776
vn 0.4022 -0.9103 0.0984
vn 0.4188 -0.9068 0.0481
vn 0.4485 -0.8934 0.0250
vn 0.4664 -0.8844 -0.0199
vn 0.4969 -0.8669 -0.0387
vn 0.3874 -0.9181 0.0837
vn 0.4351 -0.8999 0.0305
vn 0.3742 -0.9177 0.1331
vn -0.0514 0.9849 0.1652
vn -0.0346 0.9859 0.1640
vn -0.0730 0.9742 0.2134
vn 0.4993 -0.8650 -0.0501
vn 0.5322 -0.8432 -0.0758
vn 0.9487 -0.1211 -0.2921
vn 0.9472 -0.1540 -0.2812
vn 0.9560 -0.0083 -0.2934
vn 0.9504 0.0068 -0.3109
vn 0.9755 -0.1893 -0.1124
vn 0.9932 -0.0127 -0.1155
vn 0.4686 -0.8833 0.0146
vn 0.9392 0.1538 -0.3070
vn 0.9353 0.1522 -0.3195
vn 0.9016 0.3217 -0.2893
vn 0.9031 0.3006 -0.3066
vn 0.9760 0.1761 -0.1282
vn 0.9235 0.3681 -0.1082
vn 0.3509 -0.9297 0.1120
vn 0.3679 -0.9241 0.1035
vn 0.8455 0.4549 -0.2796
vn 0.8611 0.4251 -0.2789
vn 0.1554 0.9876 -0.0211
vn 0.1142 0.9935 0.0037
vn 0.0741 0.9947 0.0718
vn 0.8454 0.5215 -0.1153
vn 0.9518 0.2869 0.1087
vn 0.9545 0.2895 0.0720
vn 0.9248 0.3711 0.0835
vn 0.9243 0.3645 0.1135
vn 0.3682 0.9216 0.1230
vn 0.3438 0.9307 0.1245
vn 0.2813 0.9500 0.1354
vn 0.3063 0.9435 0.1261
vn 0.3152 0.9436 0.1013
vn 0.2546 0.9593 0.1220
vn 0.9568 0.2907 0.0035
vn 0.9255 0.3783 0.0195
vn 0.4796 -0.8708 0.1085
vn 0.5018 -0.8595 0.0973
vn 0.5666 -0.8172 0.1051
vn 0.5859 -0.8044 0.0984
vn 0.4575 -0.8820 0.1132
vn 0.5437 -0.8328 0.1043
vn 0.9891 0.1055 0.1032
vn 0.9932 0.0978 0.0637
vn 0.9790 0.1937 0.0634
vn 0.9751 0.1964 0.1031
vn 0.9821 0.1882 -0.0073
vn 0.9963 0.0859 -0.0062
vn 0.6623 -0.7454 0.0757
vn 0.6455 -0.7611 0.0634
vn 0.6942 -0.7176 0.0556
vn 0.7102 -0.7001 0.0741
vn 0.9945 0.0224 0.1027
vn 0.9980 0.0108 0.0630
vn 1.0000 -0.0069 -0.0048
vn 0.6241 -0.7803 0.0395
vn 0.6721 -0.7401 0.0229
vn 0.2099 0.9660 0.1509
vn 0.1825 0.9669 0.1782
vn 0.0821 0.9796 0.1835
vn 0.1113 0.9821 0.1517
vn 0.0561 0.9788 0.1972
vn 0.1537 0.9703 0.1867
vn 0.5881 -0.8045 0.0836
vn 0.6051 -0.7916 0.0851
vn 0.5664 -0.8208 0.0732
vn 0.2088 0.9653 0.1571
vn 0.2339 0.9625 0.1373
vn 0.1815 0.9708 0.1567
vn 0.9536 0.2953 -0.0585
vn 0.9196 0.3907 -0.0418
vn 0.2754 0.9585 0.0737
vn 0.2193 0.9707 0.0985
vn 0.2318 0.9717 0.0453
vn 0.1791 0.9809 0.0760
vn 0.9456 0.3010 -0.1232
vn 0.9079 0.4068 -0.1017
vn 0.4333 -0.8947 0.1085
vn 0.5146 -0.8520 0.0965
vn 0.4091 -0.9064 0.1050
vn 0.4831 -0.8709 0.0904
vn 0.9952 0.0705 -0.0683
vn 0.9807 0.1825 -0.0704
vn 0.9750 0.1758 -0.1358
vn 0.9898 0.0515 -0.1325
vn 0.5937 -0.8045 0.0177
vn 0.6390 -0.7692 -0.0040
vn 0.9974 -0.0310 -0.0645
vn 0.9903 -0.0599 -0.1252
vn 0.5585 -0.8295 0.0007
vn 0.6014 -0.7985 -0.0265
vn 0.1211 0.9768 0.1767
vn 0.0304 0.9814 0.1896
vn 0.0054 0.9837 0.1799
vn 0.0867 0.9825 0.1649
vn 0.5371 -0.8414 0.0599
vn 0.5046 -0.8619 0.0497
vn 0.1482 0.9788 0.1414
vn 0.1121 0.9857 0.1256
vn 0.3688 -0.9232 0.1080
vn 0.4061 -0.9109 0.0734
vn -0.2349 0.0445 0.9710
vn -0.5425 -0.0278 0.8396
vn -0.5760 -0.0363 0.8167
vn -0.2403 0.0433 0.9697
vn -0.1342 0.9782 0.1586
vn -0.0891 0.9812 0.1714
vn -0.0866 0.9619 0.2593
vn 0.3432 -0.9339 0.1006
vn 0.2872 -0.9529 0.0976
vn -0.0441 0.9667 0.2521
vn 0.4385 -0.8964 0.0644
vn 0.9713 -0.2252 0.0766
vn 0.9969 -0.0237 0.0753
vn 0.9785 0.1938 0.0709
vn 0.9091 0.4071 0.0884
vn 0.3547 -0.9233 0.1477
vn 0.8095 0.5797 0.0928
vn 0.0373 0.9912 0.1269
vn 0.3308 0.9369 0.1132
vn 0.2583 0.9585 0.1204
vn 0.2366 0.9627 0.1313
vn 0.6036 -0.7905 0.1037
vn 0.6209 -0.7784 0.0931
vn 0.6779 -0.7300 0.0870
vn 0.1432 0.9811 0.1303
vn 0.7255 -0.6826 0.0871
vn 0.9929 0.0317 0.1146
vn 0.9872 0.1109 0.1147
vn 0.9738 0.1970 0.1139
vn 0.9519 0.2829 0.1175
vn 0.5252 -0.8449 0.1017
vn 0.9264 0.3569 0.1204
vn 0.3932 0.9126 0.1123
vn 0.9282 0.3013 -0.2182
vn 0.8887 0.4176 -0.1894
vn 0.1930 0.9812 0.0062
vn 0.1431 0.9886 0.0464
vn 0.3880 -0.9158 0.1040
vn 0.4543 -0.8868 0.0854
vn 0.9738 0.0290 -0.2253
vn 0.9591 0.1645 -0.2305
vn 0.5258 -0.8504 -0.0201
vn 0.5660 -0.8225 -0.0560
vn 0.9732 -0.0905 -0.2114
vn 0.0560 0.9869 0.1516
vn -0.0158 0.9853 0.1702
vn 0.4747 -0.8793 0.0386
vn 0.0799 0.9912 0.1059
vn -0.7616 -0.0883 0.6420
vn 0.2519 -0.9650 0.0736
vn -0.5441 -0.8183 0.1853
vn -0.5410 -0.8197 0.1882
vn -0.5678 -0.8118 0.1367
vn -0.5713 -0.8110 0.1257
vn -0.5833 -0.8076 0.0870
vn -0.8066 0.5444 0.2303
vn -0.8228 0.5426 0.1691
vn -0.8233 0.5426 0.1666
vn -0.8287 0.5424 0.1380
vn -0.4643 0.5978 0.6535
vn -0.4331 0.6006 0.6721
vn -0.6866 0.5738 0.4465
vn -0.7185 0.5690 0.4000
vn -0.4551 -0.8057 0.3791
vn -0.4578 -0.8068 0.3736
vn -0.2129 -0.7187 0.6619
vn -0.2211 -0.7214 0.6562
vn -0.2348 0.6135 0.7539
vn -0.2457 0.6121 0.7516
vn 0.0265 -0.6253 0.7799
vn 0.0241 -0.6263 0.7792
vn -0.1600 0.9762 0.1462
vn -0.2086 0.4857 0.8489
vn -0.1787 0.4783 0.8598
vn 0.2486 -0.7222 -0.6455
vn -0.1745 0.4092 0.8956
vn 0.2510 -0.7325 -0.6328
vn -0.0077 -0.5934 0.8049
vn -0.0080 -0.5936 0.8047
vn -0.0162 -0.5977 0.8015
vn -0.2582 -0.2103 0.9429
vn -0.2828 -0.2136 0.9351
vn -0.4607 -0.2112 0.8621
vn -0.4857 -0.2056 0.8496
vn -0.4166 -0.8656 -0.2780
vn -0.4171 -0.8651 -0.2786
vn -0.1469 -0.9838 -0.1027
vn -0.1698 -0.9790 -0.1128
vn -0.6467 -0.1265 0.7521
vn -0.6600 -0.1167 0.7422
vn 0.1041 -0.9944 -0.0198
vn 0.0866 -0.9960 -0.0217
vn -0.7893 0.0374 0.6129
vn -0.7893 0.0376 0.6129
vn -0.7920 0.0517 0.6084
vn -0.7919 0.0516 0.6084
vn -0.7948 0.0622 0.6037
vn -0.5146 -0.7519 -0.4120
vn -0.5144 -0.7497 -0.4164
vn -0.5197 -0.7569 -0.3963
vn -0.5209 -0.7562 -0.3960
vn -0.5253 -0.7536 -0.3951
vn -0.5041 -0.7683 -0.3945
vn -0.5069 -0.7608 -0.4053
vn -0.7668 -0.0070 0.6418
vn -0.7641 -0.0117 0.6450
vn -0.2039 0.3145 0.9271
vt 0.109386 0.173622
vt 0.109330 0.983777
vt 0.798347 0.758375
vt 0.098403 0.173642
vt 0.092899 0.173655
vt 0.092849 0.983657
vt 0.809447 0.745245
vt 0.098370 0.983710
vt 0.805732 0.749646
vt 0.082064 0.173686
vt 0.076529 0.173697
vt 0.076384 0.983472
vt 0.820521 0.732127
vt 0.081905 0.983526
vt 0.816817 0.736525
vt 0.065449 0.173710
vt 0.065423 0.983406
vt 0.827857 0.723372
vt 0.723636 0.690169
vt 0.737536 0.680512
vt 0.732753 0.683567
vt 0.752475 0.671597
vt 0.747481 0.674734
vt 0.761950 0.664826
vt 0.795203 0.696205
vt 0.787055 0.704197
vt 0.774100 0.715103
vt 0.769839 0.718853
vt 0.782771 0.707970
vt 0.761699 0.726761
vt 0.692191 0.643368
vt 0.708480 0.637528
vt 0.702842 0.639435
vt 0.726546 0.631693
vt 0.720477 0.633700
vt 0.737964 0.627652
vt 0.684684 0.583367
vt 0.701892 0.586241
vt 0.695930 0.585240
vt 0.721099 0.589463
vt 0.714648 0.588400
vt 0.733157 0.591358
vt 0.706286 0.529938
vt 0.720214 0.539269
vt 0.715522 0.536120
vt 0.735026 0.549197
vt 0.729934 0.545824
vt 0.745040 0.555561
vt 0.734607 0.499085
vt 0.747054 0.510042
vt 0.742957 0.506567
vt 0.759017 0.520233
vt 0.754931 0.516604
vt 0.767291 0.528027
vt 0.709552 0.560522
vt 0.703998 0.558384
vt 0.721225 0.564986
vt 0.727118 0.567225
vt 0.738357 0.571410
vt 0.693393 0.554226
vt 0.701118 0.612320
vt 0.695079 0.612833
vt 0.714145 0.611323
vt 0.720748 0.610777
vt 0.733024 0.609576
vt 0.683749 0.613947
vt 0.721583 0.660267
vt 0.716514 0.663002
vt 0.732146 0.654927
vt 0.737494 0.652100
vt 0.747745 0.646248
vt 0.706794 0.668736
vt 0.768016 0.687393
vt 0.749320 0.700365
vt 0.763335 0.690787
vt 0.740672 0.707636
vt 0.776828 0.679997
vt 0.753890 0.697024
vt 0.733428 0.523533
vt 0.729156 0.520006
vt 0.742023 0.530482
vt 0.746455 0.534130
vt 0.755298 0.541483
vt 0.720679 0.512726
vt 0.918976 0.644617
vt 0.905441 0.642559
vt 0.900319 0.642542
vt 0.891210 0.645396
vt 0.883048 0.647999
vt 0.868934 0.647615
vt 0.899961 0.596240
vt 0.899133 0.598133
vt 0.898492 0.598207
vt 0.897693 0.596157
vt 0.895234 0.619267
vt 0.889151 0.619131
vt 0.904735 0.618591
vt 0.900406 0.618430
vt 0.880153 0.665272
vt 0.867223 0.665103
vt 0.917251 0.661461
vt 0.904314 0.660146
vt 0.898951 0.660537
vt 0.888504 0.663746
vt 0.112361 0.173616
vt 0.012548 0.173616
vt 0.112300 0.983793
vt 0.796348 0.760739
vt 0.012608 0.983793
vt 0.646216 0.435674
vt 0.721164 0.691988
vt 0.571033 0.504423
vt 0.759505 0.728920
vt 0.609376 0.467492
vt 0.689281 0.644451
vt 0.539151 0.551961
vt 0.681609 0.582857
vt 0.531480 0.613556
vt 0.703742 0.528239
vt 0.553615 0.668173
vt 0.732341 0.497032
vt 0.582213 0.699379
vt 0.690505 0.553089
vt 0.540376 0.643323
vt 0.680644 0.614260
vt 0.530513 0.582151
vt 0.704146 0.670311
vt 0.554019 0.526101
vt 0.738334 0.709631
vt 0.588206 0.486780
vt 0.718368 0.510744
vt 0.568240 0.685669
vt 0.922785 0.645132
vt 0.922785 0.527481
vt 0.920781 0.661771
vt 0.920781 0.510845
vt 0.829844 0.721001
vt 0.062454 0.983391
vt 0.679715 0.475412
vt 0.062454 0.173712
vt 0.764476 0.662991
vt 0.614345 0.533422
vt 0.797389 0.694025
vt 0.647262 0.502386
vt 0.740985 0.626574
vt 0.590858 0.569839
vt 0.736350 0.591847
vt 0.586221 0.604566
vt 0.747703 0.557230
vt 0.597575 0.639183
vt 0.769519 0.530140
vt 0.619391 0.666272
vt 0.741347 0.572512
vt 0.591216 0.623901
vt 0.736255 0.609248
vt 0.586125 0.587164
vt 0.750472 0.644675
vt 0.600343 0.551737
vt 0.779181 0.677981
vt 0.629052 0.518432
vt 0.757667 0.543444
vt 0.607537 0.652968
vt 0.865046 0.647327
vt 0.865045 0.525289
vt 0.863686 0.664947
vt 0.863686 0.507669
vt 0.891916 0.607199
vt 0.904053 0.607335
vt 0.900187 0.607821
vt 0.896728 0.608222
vt 0.893495 0.630969
vt 0.920105 0.631319
vt 0.886198 0.632420
vt 0.870825 0.631843
vt 0.905629 0.629306
vt 0.900896 0.629026
vt 0.924496 0.631847
vt 0.924497 0.540766
vt 0.866409 0.631501
vt 0.866409 0.541115
vt 0.916899 0.675646
vt 0.917858 0.696623
vt 0.903975 0.675815
vt 0.904982 0.697737
vt 0.898760 0.698471
vt 0.898016 0.676483
vt 0.886756 0.678842
vt 0.887026 0.700166
vt 0.880507 0.701090
vt 0.879390 0.680071
vt 0.866356 0.681750
vt 0.867266 0.702823
vt 0.921303 0.696330
vt 0.921303 0.476285
vt 0.920335 0.675600
vt 0.920335 0.497015
vt 0.862873 0.682125
vt 0.862873 0.490492
vt 0.863717 0.703256
vt 0.863716 0.469358
vt 0.813434 0.452717
vt 0.814635 0.449070
vt 0.817222 0.451004
vt 0.813952 0.453072
vt 0.786731 0.475281
vt 0.782912 0.472910
vt 0.806090 0.497954
vt 0.655961 0.698459
vt 0.804069 0.495522
vt 0.790706 0.478281
vt 0.793517 0.481772
vt 0.769404 0.463328
vt 0.766299 0.461014
vt 0.616172 0.735398
vt 0.766608 0.491835
vt 0.787707 0.512865
vt 0.637578 0.683547
vt 0.773856 0.497599
vt 0.777629 0.501370
vt 0.752997 0.481366
vt 0.762324 0.488650
vt 0.785460 0.510319
vt 0.750388 0.479231
vt 0.600257 0.717182
vt 0.770858 0.481530
vt 0.792926 0.503582
vt 0.757293 0.471741
vt 0.607163 0.724672
vt 0.775252 0.484465
vt 0.795299 0.506497
vt 0.645171 0.689915
vt 0.781550 0.489489
vt 0.784976 0.493384
vt 0.760261 0.474020
vt 0.791221 0.464869
vt 0.794570 0.468056
vt 0.798003 0.470631
vt 0.801463 0.473639
vt 0.759376 0.498356
vt 0.781131 0.518809
vt 0.631001 0.677604
vt 0.766959 0.504454
vt 0.770888 0.508107
vt 0.746486 0.487696
vt 0.755237 0.495051
vt 0.778895 0.516465
vt 0.744056 0.485590
vt 0.593925 0.710822
vt 0.777312 0.476710
vt 0.798324 0.498717
vt 0.762065 0.466145
vt 0.611938 0.730268
vt 0.781657 0.479285
vt 0.800929 0.502024
vt 0.650802 0.694387
vt 0.786780 0.483353
vt 0.789802 0.487252
vt 0.765414 0.468643
vt 0.111805 0.983792
vt 0.796679 0.760346
vt 0.109488 0.504023
vt 0.095603 0.983690
vt 0.807590 0.747439
vt 0.092967 0.503985
vt 0.095631 0.173647
vt 0.098508 0.504003
vt 0.079151 0.983493
vt 0.818667 0.734333
vt 0.076423 0.503924
vt 0.079327 0.173694
vt 0.081969 0.503942
vt 0.062950 0.173712
vt 0.065431 0.503902
vt 0.103914 0.173631
vt 0.103869 0.983744
vt 0.802028 0.754029
vt 0.087481 0.173670
vt 0.087377 0.983592
vt 0.813136 0.740885
vt 0.070969 0.173703
vt 0.070884 0.983439
vt 0.824203 0.727732
vt 0.721568 0.691677
vt 0.735087 0.681954
vt 0.750030 0.673260
vt 0.728187 0.686871
vt 0.742465 0.677639
vt 0.757247 0.668190
vt 0.816962 0.714463
vt 0.760203 0.679858
vt 0.798903 0.736372
vt 0.740962 0.692267
vt 0.755355 0.683115
vt 0.732085 0.699211
vt 0.784934 0.687346
vt 0.809669 0.723269
vt 0.762809 0.705176
vt 0.795272 0.740765
vt 0.806037 0.727682
vt 0.787955 0.749506
vt 0.759864 0.728554
vt 0.778430 0.711539
vt 0.765754 0.722817
vt 0.784961 0.706169
vt 0.771926 0.716898
vt 0.791148 0.700188
vt 0.689761 0.644266
vt 0.705562 0.638459
vt 0.723594 0.632716
vt 0.697516 0.641403
vt 0.714389 0.635638
vt 0.732310 0.629650
vt 0.729419 0.670822
vt 0.709144 0.651589
vt 0.739589 0.665192
vt 0.744720 0.662176
vt 0.754535 0.655800
vt 0.698981 0.656561
vt 0.682117 0.582941
vt 0.698806 0.585724
vt 0.717982 0.588953
vt 0.690310 0.584301
vt 0.708152 0.587307
vt 0.727183 0.590432
vt 0.703898 0.625128
vt 0.694415 0.599085
vt 0.716556 0.622601
vt 0.722957 0.621268
vt 0.734897 0.618550
vt 0.683063 0.598658
vt 0.704165 0.528523
vt 0.717841 0.537676
vt 0.732474 0.547545
vt 0.710921 0.533034
vt 0.725001 0.542490
vt 0.740085 0.552418
vt 0.705123 0.573119
vt 0.709464 0.546444
vt 0.717475 0.576472
vt 0.723681 0.578142
vt 0.735377 0.581250
vt 0.699508 0.541212
vt 0.732726 0.497395
vt 0.745067 0.508421
vt 0.756915 0.518296
vt 0.738761 0.502796
vt 0.750991 0.513300
vt 0.763198 0.524159
vt 0.726607 0.530917
vt 0.736079 0.513125
vt 0.735679 0.537844
vt 0.740397 0.541439
vt 0.749751 0.548460
vt 0.727740 0.505673
vt 0.714583 0.549139
vt 0.699294 0.571518
vt 0.725257 0.554774
vt 0.730758 0.557633
vt 0.741443 0.562962
vt 0.688285 0.568434
vt 0.690982 0.553280
vt 0.698691 0.556303
vt 0.732791 0.569332
vt 0.724227 0.566141
vt 0.715320 0.562723
vt 0.706702 0.559435
vt 0.700473 0.599354
vt 0.698001 0.626387
vt 0.713485 0.599993
vt 0.720084 0.600279
vt 0.732394 0.600680
vt 0.686919 0.629004
vt 0.681155 0.614207
vt 0.689422 0.613388
vt 0.726958 0.610169
vt 0.717551 0.611071
vt 0.707511 0.611824
vt 0.697978 0.612562
vt 0.714480 0.649193
vt 0.724517 0.673756
vt 0.725707 0.644438
vt 0.731399 0.641938
vt 0.742217 0.636854
vt 0.715133 0.679993
vt 0.704585 0.670042
vt 0.711646 0.665875
vt 0.742660 0.649149
vt 0.734862 0.653563
vt 0.726810 0.657618
vt 0.718993 0.661585
vt 0.776431 0.695023
vt 0.758372 0.708693
vt 0.771930 0.698576
vt 0.749953 0.716263
vt 0.769347 0.672751
vt 0.745639 0.689081
vt 0.738715 0.709290
vt 0.758590 0.693913
vt 0.744983 0.704008
vt 0.765735 0.689205
vt 0.751544 0.698588
vt 0.772449 0.683676
vt 0.740237 0.516659
vt 0.722186 0.527506
vt 0.748427 0.523466
vt 0.752658 0.527115
vt 0.761161 0.534689
vt 0.713431 0.520634
vt 0.718753 0.511080
vt 0.724917 0.516348
vt 0.750911 0.537842
vt 0.744216 0.532265
vt 0.737697 0.526974
vt 0.731292 0.521830
vt 0.902270 0.642092
vt 0.887260 0.646914
vt 0.865750 0.647380
vt 0.912218 0.643647
vt 0.896158 0.643800
vt 0.875875 0.648044
vt 0.868005 0.656273
vt 0.904865 0.651204
vt 0.899640 0.651397
vt 0.889827 0.654582
vt 0.899365 0.597865
vt 0.898210 0.597976
vt 0.898812 0.598166
vt 0.892442 0.637626
vt 0.894188 0.600913
vt 0.919665 0.637494
vt 0.902764 0.601086
vt 0.899686 0.602018
vt 0.895969 0.613951
vt 0.887748 0.625450
vt 0.871690 0.624406
vt 0.905163 0.623816
vt 0.900651 0.623515
vt 0.898062 0.618900
vt 0.901567 0.618285
vt 0.892910 0.619304
vt 0.881437 0.656776
vt 0.918052 0.653010
vt 0.884257 0.664769
vt 0.894093 0.662101
vt 0.901241 0.659894
vt 0.864304 0.664976
vt 0.910820 0.660847
vt 0.873598 0.665318
vt 0.111866 0.173616
vt 0.922093 0.645042
vt 0.920165 0.661717
vt 0.925115 0.625904
vt 0.925115 0.546712
vt 0.921688 0.653460
vt 0.921688 0.519156
vt 0.711028 0.518753
vt 0.560897 0.677660
vt 0.747684 0.718336
vt 0.597552 0.478075
vt 0.712584 0.681708
vt 0.562455 0.514704
vt 0.683887 0.629729
vt 0.533757 0.566684
vt 0.685283 0.567591
vt 0.535155 0.628822
vt 0.725482 0.503647
vt 0.575353 0.692766
vt 0.696784 0.539778
vt 0.546655 0.656634
vt 0.679946 0.598545
vt 0.529819 0.597868
vt 0.696212 0.657929
vt 0.546081 0.538484
vt 0.785968 0.751875
vt 0.635839 0.444538
vt 0.729686 0.701124
vt 0.579555 0.495288
vt 0.112462 0.504029
vt 0.012446 0.504029
vt 0.062948 0.983393
vt 0.829513 0.721396
vt 0.764064 0.663304
vt 0.797034 0.694397
vt 0.740493 0.626755
vt 0.735827 0.591767
vt 0.747260 0.556959
vt 0.769137 0.529774
vt 0.740851 0.572335
vt 0.735728 0.609307
vt 0.750026 0.644942
vt 0.778800 0.678326
vt 0.757270 0.543118
vt 0.867093 0.624006
vt 0.867093 0.548609
vt 0.864330 0.655992
vt 0.864330 0.516621
vt 0.752250 0.550310
vt 0.602118 0.646102
vt 0.787208 0.685252
vt 0.637078 0.511161
vt 0.757148 0.654076
vt 0.607018 0.542337
vt 0.738048 0.617823
vt 0.587920 0.578590
vt 0.738482 0.582064
vt 0.588355 0.614348
vt 0.763438 0.536724
vt 0.613309 0.659689
vt 0.744277 0.564362
vt 0.594150 0.632051
vt 0.735637 0.600769
vt 0.585509 0.595642
vt 0.745090 0.635493
vt 0.594958 0.560919
vt 0.818938 0.712078
vt 0.668807 0.484334
vt 0.771785 0.670819
vt 0.621655 0.525593
vt 0.062454 0.503896
vt 0.890421 0.613258
vt 0.904492 0.613216
vt 0.900345 0.613377
vt 0.897622 0.602224
vt 0.898614 0.608090
vt 0.901026 0.607669
vt 0.895165 0.608040
vt 0.894417 0.624852
vt 0.920971 0.625487
vt 0.884643 0.639878
vt 0.869905 0.639510
vt 0.905741 0.635357
vt 0.900789 0.635180
vt 0.923735 0.638038
vt 0.923735 0.534577
vt 0.865743 0.639209
vt 0.865743 0.533406
vt 0.867245 0.631567
vt 0.890231 0.631765
vt 0.878513 0.632338
vt 0.912714 0.630370
vt 0.923631 0.631748
vt 0.902477 0.628729
vt 0.897552 0.629970
vt 0.897981 0.684852
vt 0.900761 0.675918
vt 0.904155 0.684130
vt 0.901749 0.698071
vt 0.879610 0.687978
vt 0.883149 0.679490
vt 0.886468 0.686848
vt 0.883924 0.700624
vt 0.862881 0.690354
vt 0.862882 0.482259
vt 0.863460 0.682080
vt 0.866401 0.689896
vt 0.864299 0.703194
vt 0.910526 0.675732
vt 0.917120 0.683445
vt 0.911471 0.697159
vt 0.892519 0.677679
vt 0.892895 0.699308
vt 0.872766 0.680966
vt 0.873836 0.701973
vt 0.919751 0.675605
vt 0.920555 0.683276
vt 0.920555 0.489339
vt 0.920729 0.696376
vt 0.916887 0.668828
vt 0.904031 0.668263
vt 0.109151 0.016216
vt 0.922177 0.740748
vt 0.098171 0.016253
vt 0.909496 0.742121
vt 0.920351 0.668947
vt 0.920350 0.503670
vt 0.112125 0.016207
vt 0.925621 0.740389
vt 0.012782 0.016207
vt 0.925621 0.432229
vt 0.898395 0.668824
vt 0.092766 0.016275
vt 0.903239 0.742860
vt 0.887466 0.671666
vt 0.082329 0.016323
vt 0.891194 0.744373
vt 0.879516 0.672903
vt 0.076797 0.016345
vt 0.884793 0.745161
vt 0.866665 0.673703
vt 0.065502 0.016371
vt 0.871749 0.746662
vt 0.868229 0.747067
vt 0.062454 0.016378
vt 0.868228 0.425551
vt 0.863190 0.673819
vt 0.863190 0.498797
vt 0.813388 0.452229
vt 0.814437 0.452984
vt 0.813712 0.452875
vt 0.753764 0.503662
vt 0.802089 0.456316
vt 0.775779 0.523861
vt 0.625649 0.672551
vt 0.761439 0.509955
vt 0.765426 0.513573
vt 0.741164 0.492834
vt 0.789256 0.472964
vt 0.780250 0.474854
vt 0.800883 0.496968
vt 0.793017 0.475796
vt 0.796206 0.479101
vt 0.764136 0.463641
vt 0.614009 0.732771
vt 0.774829 0.467297
vt 0.798999 0.489138
vt 0.767024 0.461581
vt 0.791705 0.479208
vt 0.788703 0.476801
vt 0.805507 0.497225
vt 0.785594 0.474533
vt 0.770892 0.488171
vt 0.791450 0.509661
vt 0.641322 0.686752
vt 0.777713 0.493584
vt 0.781306 0.497410
vt 0.756644 0.477745
vt 0.758990 0.491543
vt 0.782466 0.513106
vt 0.747493 0.482159
vt 0.597365 0.714254
vt 0.764720 0.490429
vt 0.787253 0.512350
vt 0.770236 0.494711
vt 0.775649 0.499131
vt 0.750899 0.479679
vt 0.781589 0.505921
vt 0.757579 0.484967
vt 0.766559 0.485115
vt 0.789153 0.506943
vt 0.753867 0.475548
vt 0.603740 0.720864
vt 0.778739 0.481585
vt 0.798373 0.504040
vt 0.648244 0.692372
vt 0.784484 0.486182
vt 0.787738 0.490120
vt 0.763076 0.471060
vt 0.773559 0.483235
vt 0.794818 0.505904
vt 0.778380 0.487017
vt 0.783107 0.490841
vt 0.757884 0.472220
vt 0.788917 0.498576
vt 0.765445 0.477806
vt 0.785621 0.470181
vt 0.804603 0.459475
vt 0.806731 0.460909
vt 0.809989 0.463164
vt 0.798965 0.471386
vt 0.796290 0.469336
vt 0.793597 0.467305
vt 0.763213 0.494805
vt 0.784701 0.515545
vt 0.634574 0.680868
vt 0.770701 0.500778
vt 0.774585 0.504502
vt 0.750003 0.484268
vt 0.749671 0.500275
vt 0.773551 0.521633
vt 0.738826 0.490752
vt 0.588696 0.705662
vt 0.750819 0.491335
vt 0.774943 0.512326
vt 0.744510 0.486008
vt 0.768836 0.506054
vt 0.763183 0.501370
vt 0.780704 0.518355
vt 0.757438 0.496874
vt 0.774314 0.478787
vt 0.795901 0.500941
vt 0.759929 0.468687
vt 0.609799 0.727724
vt 0.784369 0.477196
vt 0.803447 0.500046
vt 0.653319 0.696366
vt 0.788829 0.480652
vt 0.791621 0.484392
vt 0.767306 0.466051
vt 0.780231 0.478255
vt 0.800418 0.501374
vt 0.784160 0.481415
vt 0.788081 0.484501
vt 0.762713 0.466648
vt 0.793918 0.493019
vt 0.771293 0.472819
vt 0.070907 0.503913
vt 0.087468 0.503964
vt 0.111967 0.504029
vt 0.095734 0.503996
vt 0.079200 0.503931
vt 0.062949 0.503896
vt 0.104018 0.504014
vt 0.764808 0.676283
vt 0.743239 0.690571
vt 0.757838 0.681599
vt 0.736514 0.695746
vt 0.750461 0.686112
vt 0.771388 0.671151
vt 0.818606 0.712475
vt 0.802466 0.732031
vt 0.791606 0.745150
vt 0.807837 0.725491
vt 0.797111 0.738558
vt 0.813327 0.718849
vt 0.711738 0.650357
vt 0.720023 0.646841
vt 0.728610 0.643217
vt 0.736854 0.639370
vt 0.704059 0.654080
vt 0.744617 0.635722
vt 0.697314 0.599205
vt 0.706882 0.599671
vt 0.716884 0.600157
vt 0.726310 0.600487
vt 0.688750 0.598868
vt 0.735106 0.600758
vt 0.711986 0.547768
vt 0.719848 0.551909
vt 0.728019 0.556250
vt 0.736159 0.560320
vt 0.704482 0.543827
vt 0.743808 0.564137
vt 0.738185 0.514981
vt 0.744323 0.520035
vt 0.750503 0.525215
vt 0.756949 0.530932
vt 0.731898 0.509373
vt 0.763057 0.536383
vt 0.737975 0.581930
vt 0.693789 0.569973
vt 0.729579 0.579716
vt 0.720664 0.577330
vt 0.711219 0.574778
vt 0.702113 0.572304
vt 0.737533 0.617947
vt 0.692466 0.627697
vt 0.728992 0.619891
vt 0.719855 0.621952
vt 0.710120 0.623879
vt 0.700835 0.625740
vt 0.756721 0.654370
vt 0.719817 0.676878
vt 0.749663 0.658966
vt 0.742198 0.663756
vt 0.734454 0.668024
vt 0.726916 0.672224
vt 0.786838 0.685610
vt 0.767352 0.701882
vt 0.754149 0.712487
vt 0.774238 0.696907
vt 0.760535 0.706835
vt 0.780707 0.691166
vt 0.751834 0.550005
vt 0.717814 0.524063
vt 0.745112 0.544997
vt 0.738025 0.539635
vt 0.731090 0.534331
vt 0.724387 0.529234
vt 0.872990 0.673386
vt 0.900910 0.668189
vt 0.919753 0.668927
vt 0.883465 0.672429
vt 0.893194 0.670259
vt 0.062957 0.016376
vt 0.868808 0.747001
vt 0.874614 0.656710
vt 0.911488 0.652152
vt 0.921046 0.653381
vt 0.901749 0.650837
vt 0.895132 0.652853
vt 0.885635 0.655963
vt 0.896755 0.602084
vt 0.900263 0.601886
vt 0.898762 0.602179
vt 0.897835 0.624217
vt 0.902011 0.623317
vt 0.924190 0.625813
vt 0.913963 0.624811
vt 0.877571 0.624885
vt 0.891652 0.625202
vt 0.079652 0.016336
vt 0.888096 0.744769
vt 0.087550 0.016299
vt 0.897216 0.743610
vt 0.095409 0.016262
vt 0.906305 0.742484
vt 0.111630 0.016208
vt 0.925047 0.740447
vt 0.103681 0.016234
vt 0.915857 0.741424
vt 0.071127 0.016358
vt 0.878243 0.745916
vt 0.711425 0.519070
vt 0.748054 0.717982
vt 0.713004 0.681414
vt 0.684386 0.629603
vt 0.685779 0.567732
vt 0.725856 0.503994
vt 0.697238 0.540016
vt 0.680461 0.598563
vt 0.696666 0.657694
vt 0.786300 0.751480
vt 0.730075 0.700795
vt 0.867898 0.624076
vt 0.864978 0.656042
vt 0.863788 0.673810
vt 0.898360 0.613724
vt 0.901355 0.613229
vt 0.893974 0.613823
vt 0.866530 0.639271
vt 0.888786 0.638888
vt 0.877194 0.639939
vt 0.912649 0.636500
vt 0.922958 0.637935
vt 0.902569 0.634804
vt 0.896999 0.636289
vt 0.900888 0.684377
vt 0.883188 0.687409
vt 0.863465 0.690292
vt 0.910725 0.683771
vt 0.892264 0.685850
vt 0.872917 0.688972
vt 0.919978 0.683301
vt 0.910517 0.668580
vt 0.803988 0.458973
vt 0.805682 0.460228
vt 0.807448 0.461380
vt 0.773589 0.470532
vt 0.796157 0.490860
vt 0.764827 0.464175
vt 0.789950 0.481680
vt 0.786551 0.478998
vt 0.802901 0.499354
vt 0.783111 0.476332
vt 0.761279 0.493357
vt 0.784259 0.515059
vt 0.766971 0.497763
vt 0.772552 0.502365
vt 0.747977 0.482594
vt 0.778583 0.508864
vt 0.754436 0.487858
vt 0.769095 0.486853
vt 0.790980 0.509104
vt 0.774295 0.490893
vt 0.779391 0.495030
vt 0.754420 0.476013
vt 0.785239 0.502264
vt 0.761500 0.481421
vt 0.794013 0.476668
vt 0.791144 0.474360
vt 0.788169 0.472205
vt 0.745387 0.496525
vt 0.769534 0.517632
vt 0.739242 0.491141
vt 0.763358 0.511589
vt 0.757606 0.506783
vt 0.775374 0.523453
vt 0.751811 0.502112
vt 0.777164 0.480433
vt 0.797877 0.503420
vt 0.781569 0.483958
vt 0.785930 0.487442
vt 0.760547 0.469178
vt 0.791736 0.495608
vt 0.768588 0.475004
vt 0.543229 0.857497
vt 0.823405 0.435675
vt 0.543832 0.857503
vt 0.825240 0.435772
vt 0.545903 0.858157
vt 0.829844 0.440550
vt 0.546435 0.858363
vt 0.829783 0.442276
vt 0.808837 0.495709
vt 0.658710 0.700703
vt 0.550284 0.809666
vt 0.549668 0.809666
vt 0.770202 0.459118
vt 0.530049 0.811471
vt 0.530719 0.811424
vt 0.549703 0.811357
vt 0.807887 0.494335
vt 0.550328 0.811318
vt 0.530540 0.809666
vt 0.768649 0.458233
vt 0.618520 0.738179
vt 0.529819 0.809666
vt 0.779548 0.454020
vt 0.534305 0.821557
vt 0.534831 0.821369
vt 0.548121 0.821900
vt 0.812694 0.485216
vt 0.548629 0.822078
vt 0.821490 0.469967
vt 0.546866 0.838268
vt 0.546329 0.838124
vt 0.539393 0.837428
vt 0.538831 0.837531
vt 0.794963 0.444989
vt 0.530913 0.812144
vt 0.771064 0.459078
vt 0.530313 0.812232
vt 0.549712 0.812256
vt 0.807872 0.493296
vt 0.550269 0.812327
vt 0.530568 0.810400
vt 0.769187 0.458670
vt 0.529847 0.810378
vt 0.549644 0.810265
vt 0.808459 0.495266
vt 0.550261 0.810247
vt 0.551281 0.797020
vt 0.550610 0.796963
vt 0.869991 0.617007
vt 0.563778 0.797314
vt 0.923182 0.619618
vt 0.564388 0.797272
vt 0.925621 0.620311
vt 0.925621 0.552305
vt 0.564416 0.795010
vt 0.563783 0.795010
vt 0.551296 0.795010
vt 0.867761 0.617250
vt 0.867761 0.555363
vt 0.550561 0.795010
vt 0.901458 0.586877
vt 0.560977 0.828839
vt 0.902072 0.587681
vt 0.561524 0.829048
vt 0.896544 0.587087
vt 0.558043 0.828438
vt 0.897378 0.586432
vt 0.558652 0.828369
vt 0.551278 0.796025
vt 0.550559 0.795918
vt 0.868798 0.617296
vt 0.921777 0.618174
vt 0.564373 0.799073
vt 0.563801 0.799034
vt 0.551656 0.798699
vt 0.871716 0.615695
vt 0.551065 0.798806
vt 0.563816 0.796185
vt 0.924431 0.620146
vt 0.564436 0.796078
vt 0.562842 0.811451
vt 0.916963 0.605351
vt 0.563415 0.811615
vt 0.878963 0.603181
vt 0.554499 0.811196
vt 0.555069 0.811039
vt 0.556734 0.819382
vt 0.885126 0.594635
vt 0.556149 0.819504
vt 0.912198 0.596190
vt 0.562627 0.820004
vt 0.562063 0.819832
vt 0.919585 0.612957
vt 0.563938 0.804451
vt 0.563357 0.804245
vt 0.553461 0.803971
vt 0.874946 0.610428
vt 0.552913 0.804180
vt 0.015523 0.173622
vt 0.015577 0.983777
vt 0.648219 0.438036
vt 0.026506 0.173642
vt 0.032010 0.173655
vt 0.032058 0.983657
vt 0.659320 0.451167
vt 0.026538 0.983710
vt 0.655602 0.446768
vt 0.042845 0.173686
vt 0.048380 0.173697
vt 0.048524 0.983472
vt 0.670394 0.464287
vt 0.043003 0.983526
vt 0.666686 0.459887
vt 0.059460 0.173710
vt 0.059484 0.983406
vt 0.677728 0.473040
vt 0.573506 0.506243
vt 0.587407 0.515900
vt 0.582623 0.512845
vt 0.602344 0.524815
vt 0.597352 0.521678
vt 0.611821 0.531586
vt 0.645076 0.500207
vt 0.636926 0.492215
vt 0.623971 0.481308
vt 0.619710 0.477560
vt 0.632644 0.488442
vt 0.611569 0.469652
vt 0.542060 0.553044
vt 0.558349 0.558885
vt 0.552711 0.556977
vt 0.576417 0.564719
vt 0.570348 0.562712
vt 0.587836 0.568760
vt 0.534556 0.613046
vt 0.551761 0.610172
vt 0.545800 0.611172
vt 0.570970 0.606951
vt 0.564521 0.608012
vt 0.583028 0.605054
vt 0.556157 0.666474
vt 0.570085 0.657143
vt 0.565392 0.660293
vt 0.584897 0.647216
vt 0.579806 0.650589
vt 0.594911 0.640851
vt 0.584479 0.697328
vt 0.596925 0.686369
vt 0.592828 0.689846
vt 0.608888 0.676180
vt 0.604802 0.679809
vt 0.617162 0.668386
vt 0.559422 0.635889
vt 0.553868 0.638028
vt 0.571097 0.631428
vt 0.576991 0.629188
vt 0.588227 0.625003
vt 0.543265 0.642186
vt 0.550988 0.584093
vt 0.544948 0.583580
vt 0.564015 0.585090
vt 0.570617 0.585635
vt 0.582894 0.586836
vt 0.533618 0.582464
vt 0.571456 0.536145
vt 0.566384 0.533410
vt 0.582015 0.541485
vt 0.587363 0.544312
vt 0.597615 0.550164
vt 0.556663 0.527676
vt 0.617885 0.509018
vt 0.599191 0.496047
vt 0.613206 0.505626
vt 0.590541 0.488777
vt 0.626700 0.516416
vt 0.603761 0.499388
vt 0.583297 0.672879
vt 0.579026 0.676406
vt 0.591891 0.665930
vt 0.596326 0.662283
vt 0.605168 0.654929
vt 0.570550 0.683686
vt 0.918977 0.527999
vt 0.905441 0.530055
vt 0.900319 0.530071
vt 0.891210 0.527221
vt 0.883048 0.524617
vt 0.868934 0.525000
vt 0.899961 0.576376
vt 0.899134 0.574483
vt 0.898492 0.574406
vt 0.897693 0.576456
vt 0.895234 0.553346
vt 0.889151 0.553482
vt 0.904736 0.554025
vt 0.900405 0.554188
vt 0.880153 0.507341
vt 0.867223 0.507510
vt 0.917252 0.511154
vt 0.904314 0.512470
vt 0.898951 0.512078
vt 0.888505 0.508867
vt 0.891916 0.565415
vt 0.904053 0.565281
vt 0.900187 0.564792
vt 0.896728 0.564392
vt 0.893495 0.541645
vt 0.920105 0.541294
vt 0.886198 0.540195
vt 0.870826 0.540771
vt 0.905629 0.543309
vt 0.900896 0.543592
vt 0.916899 0.496970
vt 0.917858 0.475994
vt 0.903976 0.496801
vt 0.904982 0.474877
vt 0.898760 0.474144
vt 0.898017 0.496130
vt 0.886756 0.493773
vt 0.887026 0.472447
vt 0.880507 0.471523
vt 0.879390 0.492542
vt 0.866356 0.490863
vt 0.867265 0.469793
vt 0.663306 0.743695
vt 0.664506 0.747342
vt 0.667092 0.745407
vt 0.663823 0.743341
vt 0.636603 0.721131
vt 0.632783 0.723502
vt 0.653939 0.700890
vt 0.640574 0.718132
vt 0.643386 0.714641
vt 0.619275 0.733084
vt 0.616481 0.704577
vt 0.623729 0.698813
vt 0.627501 0.695042
vt 0.602870 0.715048
vt 0.612197 0.707762
vt 0.635329 0.686092
vt 0.620727 0.714883
vt 0.642795 0.692830
vt 0.625123 0.711947
vt 0.631419 0.706923
vt 0.634849 0.703028
vt 0.610131 0.722392
vt 0.641093 0.731543
vt 0.644441 0.728356
vt 0.647874 0.725781
vt 0.651336 0.722774
vt 0.609248 0.698057
vt 0.616832 0.691958
vt 0.620759 0.688307
vt 0.596358 0.708716
vt 0.605107 0.701361
vt 0.628764 0.679948
vt 0.627181 0.719703
vt 0.648194 0.697696
vt 0.631528 0.717127
vt 0.636651 0.713059
vt 0.639674 0.709160
vt 0.615287 0.727768
vt 0.013102 0.983792
vt 0.646550 0.436067
vt 0.015420 0.504023
vt 0.029305 0.983690
vt 0.657462 0.448974
vt 0.031941 0.503985
vt 0.029278 0.173647
vt 0.026400 0.504003
vt 0.045757 0.983493
vt 0.668540 0.462078
vt 0.048485 0.503924
vt 0.045582 0.173694
vt 0.042939 0.503942
vt 0.061959 0.173712
vt 0.059478 0.503902
vt 0.020995 0.173631
vt 0.021038 0.983744
vt 0.651900 0.442384
vt 0.037428 0.173670
vt 0.037531 0.983592
vt 0.663005 0.455526
vt 0.053940 0.173703
vt 0.054023 0.983439
vt 0.674073 0.468679
vt 0.571439 0.504736
vt 0.584958 0.514459
vt 0.599898 0.523152
vt 0.578057 0.509541
vt 0.592336 0.518773
vt 0.607118 0.528221
vt 0.666831 0.481949
vt 0.610074 0.516554
vt 0.648772 0.460040
vt 0.590831 0.504146
vt 0.605227 0.513296
vt 0.581956 0.497200
vt 0.634805 0.509067
vt 0.659541 0.473143
vt 0.612679 0.491236
vt 0.645144 0.455648
vt 0.655908 0.468731
vt 0.637828 0.446906
vt 0.609735 0.467859
vt 0.628299 0.484873
vt 0.615624 0.473595
vt 0.634831 0.490242
vt 0.621799 0.479513
vt 0.641019 0.496225
vt 0.539630 0.552146
vt 0.555434 0.557953
vt 0.573464 0.563697
vt 0.547387 0.555008
vt 0.564258 0.560775
vt 0.582183 0.566763
vt 0.579289 0.525589
vt 0.559014 0.544823
vt 0.589458 0.531221
vt 0.594590 0.534235
vt 0.604403 0.540612
vt 0.548852 0.539850
vt 0.531987 0.613471
vt 0.548676 0.610689
vt 0.567853 0.607459
vt 0.540181 0.612112
vt 0.558024 0.609105
vt 0.577054 0.605981
vt 0.553767 0.571285
vt 0.544284 0.597327
vt 0.566424 0.573812
vt 0.572827 0.575145
vt 0.584769 0.577862
vt 0.532935 0.597755
vt 0.554038 0.667889
vt 0.567712 0.658736
vt 0.582343 0.648869
vt 0.560792 0.663379
vt 0.574872 0.653921
vt 0.589955 0.643994
vt 0.554996 0.623293
vt 0.559333 0.649968
vt 0.567346 0.619940
vt 0.573554 0.618271
vt 0.585250 0.615163
vt 0.549378 0.655201
vt 0.582599 0.699018
vt 0.594935 0.687991
vt 0.606786 0.678118
vt 0.588632 0.693615
vt 0.600862 0.683113
vt 0.613067 0.672253
vt 0.576480 0.665497
vt 0.585950 0.683288
vt 0.585549 0.658568
vt 0.590270 0.654972
vt 0.599620 0.647953
vt 0.577611 0.690740
vt 0.564454 0.647274
vt 0.549167 0.624893
vt 0.575130 0.641638
vt 0.580628 0.638779
vt 0.591311 0.633451
vt 0.538157 0.627979
vt 0.540853 0.643133
vt 0.548562 0.640109
vt 0.582660 0.627080
vt 0.574098 0.630271
vt 0.565190 0.633690
vt 0.556575 0.636977
vt 0.550344 0.597058
vt 0.547870 0.570025
vt 0.563357 0.596420
vt 0.569953 0.596133
vt 0.582265 0.595733
vt 0.536790 0.567409
vt 0.531024 0.582206
vt 0.539290 0.583024
vt 0.576827 0.586244
vt 0.567424 0.585341
vt 0.557384 0.584588
vt 0.547849 0.583850
vt 0.564349 0.547220
vt 0.574389 0.522656
vt 0.575580 0.551974
vt 0.581267 0.554475
vt 0.592086 0.559558
vt 0.565003 0.516419
vt 0.554454 0.526370
vt 0.561519 0.530537
vt 0.592530 0.547263
vt 0.584733 0.542850
vt 0.576680 0.538794
vt 0.568864 0.534826
vt 0.626302 0.501390
vt 0.608243 0.487720
vt 0.621799 0.497836
vt 0.599822 0.480150
vt 0.619220 0.523661
vt 0.595510 0.507331
vt 0.588588 0.487123
vt 0.608459 0.502499
vt 0.594855 0.492404
vt 0.615605 0.507207
vt 0.601417 0.497824
vt 0.622319 0.512736
vt 0.590108 0.679753
vt 0.572057 0.668905
vt 0.598300 0.672947
vt 0.602530 0.669298
vt 0.611033 0.661722
vt 0.563300 0.675779
vt 0.568622 0.685332
vt 0.574788 0.680065
vt 0.600781 0.658570
vt 0.594085 0.664148
vt 0.587567 0.669438
vt 0.581162 0.674583
vt 0.902270 0.530523
vt 0.887260 0.525699
vt 0.865750 0.525233
vt 0.912218 0.528968
vt 0.896159 0.528813
vt 0.875875 0.524571
vt 0.868005 0.516343
vt 0.904865 0.521412
vt 0.899640 0.521220
vt 0.889828 0.518034
vt 0.899365 0.574751
vt 0.898211 0.574639
vt 0.898813 0.574450
vt 0.892442 0.534988
vt 0.894188 0.571703
vt 0.919665 0.535122
vt 0.902764 0.571529
vt 0.899685 0.570595
vt 0.895968 0.558665
vt 0.887748 0.547166
vt 0.871690 0.548207
vt 0.905164 0.548799
vt 0.900652 0.549100
vt 0.898062 0.553713
vt 0.901567 0.554330
vt 0.892910 0.553309
vt 0.881436 0.515842
vt 0.918052 0.519605
vt 0.884257 0.507844
vt 0.894093 0.510515
vt 0.901241 0.512719
vt 0.864304 0.507638
vt 0.910820 0.511767
vt 0.873598 0.507298
vt 0.013043 0.173616
vt 0.922093 0.527574
vt 0.920166 0.510898
vt 0.061959 0.983393
vt 0.679385 0.475016
vt 0.613933 0.533108
vt 0.646905 0.502016
vt 0.590362 0.569658
vt 0.585700 0.604645
vt 0.597133 0.639454
vt 0.619008 0.666638
vt 0.590724 0.624078
vt 0.585599 0.587105
vt 0.599895 0.551471
vt 0.628671 0.518085
vt 0.607142 0.653295
vt 0.890421 0.559360
vt 0.904492 0.559399
vt 0.900345 0.559238
vt 0.897622 0.570389
vt 0.898614 0.564526
vt 0.901026 0.564947
vt 0.895165 0.564575
vt 0.894417 0.547762
vt 0.920971 0.547126
vt 0.884643 0.532736
vt 0.869906 0.533103
vt 0.905741 0.537258
vt 0.900790 0.537436
vt 0.867245 0.541047
vt 0.890232 0.540853
vt 0.878514 0.540278
vt 0.912714 0.542243
vt 0.923631 0.540870
vt 0.902477 0.543885
vt 0.897553 0.542645
vt 0.897981 0.487764
vt 0.900761 0.496695
vt 0.904155 0.488483
vt 0.901749 0.474547
vt 0.879610 0.484635
vt 0.883149 0.493126
vt 0.886468 0.485767
vt 0.883924 0.471991
vt 0.863460 0.490535
vt 0.866401 0.482719
vt 0.864299 0.469424
vt 0.910527 0.496883
vt 0.917121 0.489168
vt 0.911471 0.475456
vt 0.892520 0.494934
vt 0.892895 0.473305
vt 0.872765 0.491649
vt 0.873837 0.470641
vt 0.919751 0.497009
vt 0.920729 0.476238
vt 0.916887 0.503786
vt 0.904031 0.504353
vt 0.015756 0.016216
vt 0.922177 0.431868
vt 0.026736 0.016253
vt 0.909496 0.430492
vt 0.898395 0.503790
vt 0.032141 0.016275
vt 0.903239 0.429756
vt 0.887466 0.500950
vt 0.042578 0.016323
vt 0.891194 0.428242
vt 0.879516 0.499713
vt 0.048111 0.016345
vt 0.884793 0.427452
vt 0.866665 0.498914
vt 0.059406 0.016371
vt 0.871749 0.425955
vt 0.663259 0.744184
vt 0.664308 0.743428
vt 0.663583 0.743537
vt 0.603635 0.692750
vt 0.651959 0.740096
vt 0.611312 0.686458
vt 0.615298 0.682840
vt 0.591035 0.703577
vt 0.639127 0.723448
vt 0.630122 0.721558
vt 0.650756 0.699445
vt 0.642888 0.720616
vt 0.646077 0.717310
vt 0.624701 0.729116
vt 0.648871 0.707274
vt 0.616897 0.734832
vt 0.641576 0.717203
vt 0.638576 0.719612
vt 0.655379 0.699188
vt 0.635465 0.721879
vt 0.620763 0.708241
vt 0.627582 0.702828
vt 0.631177 0.699002
vt 0.606515 0.718666
vt 0.608861 0.704868
vt 0.632337 0.683307
vt 0.614593 0.705983
vt 0.637124 0.684063
vt 0.620109 0.701702
vt 0.625522 0.697282
vt 0.600772 0.716733
vt 0.631459 0.690492
vt 0.607451 0.711445
vt 0.616431 0.711296
vt 0.639024 0.689470
vt 0.628612 0.714828
vt 0.634356 0.710230
vt 0.637610 0.706291
vt 0.612947 0.725353
vt 0.623431 0.713177
vt 0.644687 0.690509
vt 0.628253 0.709395
vt 0.632977 0.705571
vt 0.607753 0.724192
vt 0.638787 0.697838
vt 0.615315 0.718606
vt 0.635491 0.726232
vt 0.654471 0.736938
vt 0.656604 0.735504
vt 0.659860 0.733249
vt 0.648835 0.725026
vt 0.646161 0.727075
vt 0.643468 0.729107
vt 0.613086 0.701608
vt 0.620572 0.695634
vt 0.624457 0.691912
vt 0.599875 0.712145
vt 0.599542 0.696137
vt 0.623422 0.674780
vt 0.600690 0.705078
vt 0.624814 0.684087
vt 0.594382 0.710404
vt 0.618709 0.690357
vt 0.613055 0.695043
vt 0.630572 0.678057
vt 0.607308 0.699538
vt 0.624185 0.717626
vt 0.645774 0.695472
vt 0.634240 0.719217
vt 0.638700 0.715760
vt 0.641492 0.712020
vt 0.617179 0.730361
vt 0.630101 0.718157
vt 0.650289 0.695038
vt 0.634030 0.714998
vt 0.637952 0.711911
vt 0.612584 0.729763
vt 0.643788 0.703392
vt 0.621163 0.723594
vt 0.054001 0.503913
vt 0.037440 0.503963
vt 0.012941 0.504029
vt 0.029174 0.503996
vt 0.045708 0.503931
vt 0.061959 0.503896
vt 0.020890 0.504014
vt 0.614678 0.520129
vt 0.593110 0.505841
vt 0.607709 0.514813
vt 0.586385 0.500667
vt 0.600333 0.510300
vt 0.621259 0.525261
vt 0.668477 0.483936
vt 0.652337 0.464382
vt 0.641477 0.451262
vt 0.657706 0.470922
vt 0.646979 0.457855
vt 0.663198 0.477562
vt 0.561608 0.546056
vt 0.569894 0.549571
vt 0.578483 0.553195
vt 0.586724 0.557042
vt 0.553931 0.542332
vt 0.594487 0.560690
vt 0.547185 0.597208
vt 0.556750 0.596741
vt 0.566756 0.596255
vt 0.576180 0.595926
vt 0.538619 0.597544
vt 0.584979 0.595654
vt 0.561858 0.648645
vt 0.569718 0.644503
vt 0.577889 0.640163
vt 0.586028 0.636092
vt 0.554353 0.652586
vt 0.593677 0.632275
vt 0.588054 0.681432
vt 0.594193 0.676378
vt 0.600373 0.671198
vt 0.606820 0.665480
vt 0.581769 0.687039
vt 0.612927 0.660030
vt 0.587844 0.614481
vt 0.543660 0.626439
vt 0.579452 0.616696
vt 0.570535 0.619082
vt 0.561091 0.621635
vt 0.551982 0.624109
vt 0.587405 0.578466
vt 0.542335 0.568716
vt 0.578862 0.576521
vt 0.569726 0.574459
vt 0.559989 0.572533
vt 0.550706 0.570672
vt 0.606591 0.542043
vt 0.569690 0.519534
vt 0.599534 0.537445
vt 0.592067 0.532657
vt 0.584327 0.528388
vt 0.576787 0.524189
vt 0.636708 0.510802
vt 0.617225 0.494530
vt 0.604018 0.483926
vt 0.624106 0.499505
vt 0.610406 0.489577
vt 0.630576 0.505245
vt 0.601705 0.646407
vt 0.567687 0.672350
vt 0.594983 0.651417
vt 0.587895 0.656777
vt 0.580958 0.662082
vt 0.574258 0.667178
vt 0.872990 0.499230
vt 0.900909 0.504427
vt 0.919753 0.503689
vt 0.883465 0.500187
vt 0.893194 0.502354
vt 0.061950 0.016376
vt 0.868808 0.425615
vt 0.874614 0.515906
vt 0.911488 0.520463
vt 0.921046 0.519234
vt 0.901750 0.521777
vt 0.895132 0.519762
vt 0.885636 0.516654
vt 0.896755 0.570529
vt 0.900263 0.570727
vt 0.898762 0.570436
vt 0.897835 0.548401
vt 0.902011 0.549296
vt 0.924190 0.546803
vt 0.913964 0.547807
vt 0.877571 0.547731
vt 0.891652 0.547413
vt 0.045255 0.016336
vt 0.888096 0.427846
vt 0.037357 0.016299
vt 0.897216 0.429003
vt 0.029498 0.016262
vt 0.906305 0.430131
vt 0.013277 0.016208
vt 0.925047 0.432169
vt 0.021227 0.016234
vt 0.915858 0.431191
vt 0.053781 0.016358
vt 0.878243 0.426700
vt 0.561297 0.677342
vt 0.597924 0.478430
vt 0.562875 0.514997
vt 0.534257 0.566809
vt 0.535649 0.628681
vt 0.575727 0.692419
vt 0.547107 0.656396
vt 0.530330 0.597850
vt 0.546538 0.538718
vt 0.636170 0.444932
vt 0.579947 0.495617
vt 0.867898 0.548539
vt 0.864978 0.516572
vt 0.863788 0.498803
vt 0.898359 0.558890
vt 0.901355 0.559385
vt 0.893974 0.558795
vt 0.866530 0.533344
vt 0.888785 0.533726
vt 0.877194 0.532676
vt 0.912649 0.536118
vt 0.922958 0.534679
vt 0.902569 0.537809
vt 0.896999 0.536324
vt 0.900889 0.488236
vt 0.883188 0.485206
vt 0.863464 0.482321
vt 0.910725 0.488844
vt 0.892264 0.486766
vt 0.872918 0.483643
vt 0.919978 0.489312
vt 0.910516 0.504033
vt 0.653859 0.737439
vt 0.655553 0.736184
vt 0.657319 0.735032
vt 0.623460 0.725881
vt 0.646028 0.705552
vt 0.614697 0.732238
vt 0.639819 0.714732
vt 0.636422 0.717414
vt 0.652772 0.697059
vt 0.632981 0.720081
vt 0.611150 0.703056
vt 0.634131 0.681353
vt 0.616841 0.698650
vt 0.622424 0.694047
vt 0.597850 0.713818
vt 0.628455 0.687549
vt 0.604304 0.708554
vt 0.618968 0.709560
vt 0.640853 0.687308
vt 0.624166 0.705519
vt 0.629260 0.701383
vt 0.604291 0.720399
vt 0.635110 0.694148
vt 0.611371 0.714992
vt 0.643886 0.719745
vt 0.641017 0.722052
vt 0.638040 0.724208
vt 0.595258 0.699887
vt 0.619407 0.678780
vt 0.589114 0.705272
vt 0.613231 0.684824
vt 0.607478 0.689630
vt 0.625245 0.672959
vt 0.601684 0.694300
vt 0.627036 0.715979
vt 0.647750 0.692993
vt 0.631442 0.712455
vt 0.635802 0.708969
vt 0.610417 0.727235
vt 0.641606 0.700805
vt 0.618459 0.721407
vt 0.543229 0.761835
vt 0.673276 0.760738
vt 0.543832 0.761829
vt 0.675109 0.760641
vt 0.545903 0.761175
vt 0.679715 0.755863
vt 0.546435 0.760969
vt 0.679652 0.754135
vt 0.620074 0.737293
vt 0.530049 0.807861
vt 0.530719 0.807908
vt 0.549703 0.807975
vt 0.657756 0.702077
vt 0.550328 0.808014
vt 0.629418 0.742392
vt 0.534305 0.797775
vt 0.534831 0.797962
vt 0.548123 0.797433
vt 0.662564 0.711196
vt 0.548629 0.797254
vt 0.671359 0.726445
vt 0.546868 0.781064
vt 0.546329 0.781208
vt 0.539393 0.781904
vt 0.538831 0.781801
vt 0.644835 0.751424
vt 0.530913 0.807188
vt 0.620933 0.737334
vt 0.530313 0.807099
vt 0.549712 0.807076
vt 0.657743 0.703116
vt 0.550269 0.807006
vt 0.530568 0.808932
vt 0.619058 0.737742
vt 0.529847 0.808954
vt 0.549644 0.809067
vt 0.658328 0.701147
vt 0.550261 0.809085
vt 0.551281 0.792996
vt 0.550610 0.793057
vt 0.869992 0.555609
vt 0.563778 0.792706
vt 0.923182 0.552996
vt 0.564388 0.792744
vt 0.901458 0.585737
vt 0.560978 0.761181
vt 0.902072 0.584932
vt 0.561525 0.760968
vt 0.896544 0.585526
vt 0.558043 0.761582
vt 0.897378 0.586182
vt 0.558653 0.761650
vt 0.551278 0.793995
vt 0.550559 0.794098
vt 0.868799 0.555318
vt 0.921777 0.554439
vt 0.564373 0.790947
vt 0.563801 0.790985
vt 0.551657 0.791321
vt 0.871717 0.556918
vt 0.551065 0.791214
vt 0.563816 0.793835
vt 0.924432 0.552468
vt 0.564436 0.793942
vt 0.562843 0.778569
vt 0.916962 0.567265
vt 0.563415 0.778401
vt 0.878963 0.569434
vt 0.554499 0.778824
vt 0.555069 0.778977
vt 0.556735 0.770638
vt 0.885126 0.577980
vt 0.556149 0.770516
vt 0.912198 0.576423
vt 0.562627 0.770016
vt 0.562063 0.770188
vt 0.919585 0.559661
vt 0.563938 0.785565
vt 0.563358 0.785775
vt 0.553461 0.786049
vt 0.874946 0.562185
vt 0.552913 0.785839
s 1
usemtl crowbarmetal
f 71/77/51 335/395/54 588/703/53 342/402/52
f 342/402/52 588/703/53 230/290/56 67/73/55
f 588/703/53 228/288/58 16/22/57 230/290/56
f 335/395/54 18/24/59 228/288/58 588/703/53
f 72/78/60 336/396/63 589/704/62 341/401/61
f 341/401/64 589/704/67 232/292/66 68/74/65
f 589/704/67 224/284/69 15/21/68 232/292/66
f 336/396/63 14/20/71 224/284/70 589/704/62
f 67/73/55 230/290/56 590/705/73 340/400/72
f 340/400/74 590/705/77 233/293/76 69/75/75
f 590/705/77 225/285/79 17/23/78 233/293/76
f 230/290/56 16/22/57 225/285/80 590/705/73
f 68/74/65 232/292/66 591/706/82 339/399/81
f 339/399/81 591/706/82 234/294/84 70/76/83
f 591/706/82 226/286/86 13/19/85 234/294/84
f 232/292/66 15/21/68 226/286/86 591/706/82
f 69/75/75 233/293/76 592/707/88 338/398/87
f 338/398/87 592/707/88 336/396/63 72/78/60
f 592/707/88 227/287/89 14/20/71 336/396/63
f 233/293/76 17/23/78 227/287/89 592/707/88
f 125/159/90 430/517/93 593/708/92 416/491/91
f 416/491/91 593/708/92 335/395/54 71/77/51
f 593/708/92 407/482/94 18/24/59 335/395/54
f 430/517/93 116/141/95 407/482/94 593/708/92
f 114/137/42 429/515/97 594/709/96 406/481/45
f 406/481/45 594/709/96 229/289/98 12/18/7
f 594/709/96 408/483/100 19/25/99 229/289/98
f 429/515/97 117/143/101 408/483/100 594/709/96
f 10/15/15 239/299/103 595/710/102 220/279/14
f 220/279/14 595/710/102 231/291/104 5/7/13
f 595/710/102 242/302/106 21/27/105 231/291/104
f 239/299/103 23/29/107 242/302/106 595/710/102
f 6/9/35 238/298/109 596/711/108 218/276/50
f 218/276/50 596/711/108 240/300/110 2/3/24
f 596/711/108 243/303/112 24/30/111 240/300/110
f 238/298/109 22/28/113 243/303/112 596/711/108
f 9/13/5 236/296/115 597/712/114 211/268/37
f 211/268/41 597/712/116 239/299/103 10/15/15
f 597/712/116 244/304/117 23/29/107 239/299/103
f 236/296/115 20/26/119 244/304/118 597/712/114
f 5/7/13 231/291/104 598/713/120 207/263/28
f 207/263/34 598/713/121 238/298/109 6/9/35
f 598/713/121 245/305/122 22/28/113 238/298/109
f 231/291/104 21/27/105 245/305/123 598/713/120
f 12/18/7 229/289/98 599/714/124 222/282/6
f 222/282/6 599/714/124 236/296/115 9/13/5
f 599/714/124 246/306/125 20/26/119 236/296/115
f 229/289/98 19/25/99 246/306/125 599/714/124
f 61/67/126 319/379/129 600/715/128 330/390/127
f 330/390/130 600/715/133 254/314/132 62/68/131
f 600/715/133 248/308/135 27/33/134 254/314/132
f 319/379/129 26/32/137 248/308/136 600/715/128
f 63/69/138 321/381/141 601/716/140 329/389/139
f 329/389/139 601/716/140 319/379/129 61/67/126
f 601/716/140 251/311/142 26/32/137 319/379/129
f 321/381/141 29/35/143 251/311/142 601/716/140
f 64/70/144 322/382/147 602/717/146 328/388/145
f 328/388/148 602/717/149 321/381/141 63/69/138
f 602/717/149 249/309/150 29/35/143 321/381/141
f 322/382/147 28/34/152 249/309/151 602/717/146
f 65/71/153 323/383/156 603/718/155 327/387/154
f 327/387/154 603/718/155 322/382/147 64/70/144
f 603/718/155 252/312/157 28/34/152 322/382/147
f 323/383/156 30/36/158 252/312/157 603/718/155
f 62/68/131 254/314/132 604/719/160 326/386/159
f 326/386/159 604/719/160 258/318/162 66/72/161
f 604/719/160 250/310/164 25/31/163 258/318/162
f 254/314/132 27/33/134 250/310/164 604/719/160
f 124/157/165 428/513/168 605/720/167 415/490/166
f 415/490/166 605/720/167 323/383/156 65/71/153
f 605/720/167 409/484/169 30/36/158 323/383/156
f 428/513/168 118/145/170 409/484/169 605/720/167
f 55/61/171 307/367/174 606/721/173 318/378/172
f 318/378/175 606/721/178 266/326/177 56/62/176
f 606/721/178 260/320/180 33/39/179 266/326/177
f 307/367/174 32/38/182 260/320/181 606/721/173
f 57/63/183 309/369/186 607/722/185 317/377/184
f 317/377/184 607/722/185 307/367/174 55/61/171
f 607/722/185 263/323/187 32/38/182 307/367/174
f 309/369/186 35/41/188 263/323/187 607/722/185
f 58/64/189 310/370/192 608/723/191 316/376/190
f 316/376/193 608/723/194 309/369/186 57/63/183
f 608/723/194 261/321/195 35/41/188 309/369/186
f 310/370/192 34/40/197 261/321/196 608/723/191
f 59/65/198 311/371/201 609/724/200 315/375/199
f 315/375/199 609/724/200 310/370/192 58/64/189
f 609/724/200 264/324/202 34/40/197 310/370/192
f 311/371/201 36/42/203 264/324/202 609/724/200
f 56/62/176 266/326/177 610/725/205 314/374/204
f 314/374/204 610/725/205 270/330/207 60/66/206
f 610/725/205 262/322/209 31/37/208 270/330/207
f 266/326/177 33/39/179 262/322/209 610/725/205
f 123/155/210 427/511/213 611/726/212 414/489/211
f 414/489/211 611/726/212 311/371/201 59/65/198
f 611/726/212 410/485/214 36/42/203 311/371/201
f 427/511/213 119/147/215 410/485/214 611/726/212
f 49/55/216 295/355/219 612/727/218 306/366/217
f 306/366/220 612/727/223 278/338/222 50/56/221
f 612/727/223 272/332/225 39/45/224 278/338/222
f 295/355/219 38/44/227 272/332/226 612/727/218
f 51/57/228 297/357/231 613/728/230 305/365/229
f 305/365/229 613/728/230 295/355/219 49/55/216
f 613/728/230 275/335/232 38/44/227 295/355/219
f 297/357/231 41/47/233 275/335/232 613/728/230
f 52/58/234 298/358/237 614/729/236 304/364/235
f 304/364/238 614/729/239 297/357/231 51/57/228
f 614/729/239 273/333/240 41/47/233 297/357/231
f 298/358/237 40/46/242 273/333/241 614/729/236
f 53/59/243 299/359/246 615/730/245 303/363/244
f 303/363/244 615/730/245 298/358/237 52/58/234
f 615/730/245 276/336/247 40/46/242 298/358/237
f 299/359/246 42/48/248 276/336/247 615/730/245
f 50/56/221 278/338/222 616/731/250 302/362/249
f 302/362/249 616/731/250 282/342/252 54/60/251
f 616/731/250 274/334/254 37/43/253 282/342/252
f 278/338/222 39/45/224 274/334/254 616/731/250
f 122/153/255 426/509/258 617/732/257 413/488/256
f 413/488/256 617/732/257 299/359/246 53/59/243
f 617/732/257 411/486/259 42/48/248 299/359/246
f 426/509/258 120/149/260 411/486/259 617/732/257
f 73/79/261 343/403/264 618/733/263 354/414/262
f 354/414/265 618/733/268 290/350/267 74/80/266
f 618/733/268 284/344/270 45/51/269 290/350/267
f 343/403/264 44/50/272 284/344/271 618/733/263
f 75/81/273 345/405/276 619/734/275 353/413/274
f 353/413/274 619/734/275 343/403/264 73/79/261
f 619/734/275 287/347/277 44/50/272 343/403/264
f 345/405/276 47/53/278 287/347/277 619/734/275
f 76/82/279 346/406/282 620/735/281 352/412/280
f 352/412/283 620/735/284 345/405/276 75/81/273
f 620/735/284 285/345/285 47/53/278 345/405/276
f 346/406/282 46/52/287 285/345/286 620/735/281
f 77/83/288 347/407/291 621/736/290 351/411/289
f 351/411/289 621/736/290 346/406/282 76/82/279
f 621/736/290 288/348/292 46/52/287 346/406/282
f 347/407/291 48/54/293 288/348/292 621/736/290
f 74/80/266 290/350/267 622/737/295 350/410/294
f 350/410/294 622/737/295 294/354/297 78/84/296
f 622/737/295 286/346/299 43/49/298 294/354/297
f 290/350/267 45/51/269 286/346/299 622/737/295
f 126/161/300 425/507/303 623/738/302 417/492/301
f 417/492/301 623/738/302 347/407/291 77/83/288
f 623/738/302 412/487/304 48/54/293 347/407/291
f 425/507/303 121/151/305 412/487/304 623/738/302
f 119/147/215 424/505/307 624/739/306 410/485/214
f 410/485/214 624/739/306 281/341/308 36/42/203
f 624/739/306 413/488/256 53/59/243 281/341/308
f 424/505/307 122/153/255 413/488/256 624/739/306
f 33/39/179 296/356/310 625/740/309 262/322/209
f 262/322/209 625/740/309 300/360/311 31/37/208
f 625/740/309 302/362/249 54/60/251 300/360/311
f 296/356/310 50/56/221 302/362/249 625/740/309
f 36/42/203 281/341/308 626/741/312 264/324/202
f 264/324/202 626/741/312 280/340/313 34/40/197
f 626/741/312 303/363/244 52/58/234 280/340/313
f 281/341/308 53/59/243 303/363/244 626/741/312
f 34/40/197 280/340/313 627/742/314 261/321/196
f 261/321/195 627/742/316 279/339/315 35/41/188
f 627/742/316 304/364/238 51/57/228 279/339/315
f 280/340/313 52/58/234 304/364/235 627/742/314
f 35/41/188 279/339/315 628/743/317 263/323/187
f 263/323/187 628/743/317 277/337/318 32/38/182
f 628/743/317 305/365/229 49/55/216 277/337/318
f 279/339/315 51/57/228 305/365/229 628/743/317
f 32/38/182 277/337/318 629/744/319 260/320/181
f 260/320/180 629/744/320 296/356/310 33/39/179
f 629/744/320 306/366/220 50/56/221 296/356/310
f 277/337/318 49/55/216 306/366/217 629/744/319
f 118/145/170 423/503/322 630/745/321 409/484/169
f 409/484/169 630/745/321 269/329/323 30/36/158
f 630/745/321 414/489/211 59/65/198 269/329/323
f 423/503/322 123/155/210 414/489/211 630/745/321
f 27/33/134 308/368/325 631/746/324 250/310/164
f 250/310/164 631/746/324 312/372/326 25/31/163
f 631/746/324 314/374/204 60/66/206 312/372/326
f 308/368/325 56/62/176 314/374/204 631/746/324
f 30/36/158 269/329/323 632/747/327 252/312/157
f 252/312/157 632/747/327 268/328/328 28/34/152
f 632/747/327 315/375/199 58/64/189 268/328/328
f 269/329/323 59/65/198 315/375/199 632/747/327
f 28/34/152 268/328/328 633/748/329 249/309/151
f 249/309/150 633/748/331 267/327/330 29/35/143
f 633/748/331 316/376/193 57/63/183 267/327/330
f 268/328/328 58/64/189 316/376/190 633/748/329
f 29/35/143 267/327/330 634/749/332 251/311/142
f 251/311/142 634/749/332 265/325/333 26/32/137
f 634/749/332 317/377/184 55/61/171 265/325/333
f 267/327/330 57/63/183 317/377/184 634/749/332
f 26/32/137 265/325/333 635/750/334 248/308/136
f 248/308/135 635/750/335 308/368/325 27/33/134
f 635/750/335 318/378/175 56/62/176 308/368/325
f 265/325/333 55/61/171 318/378/172 635/750/334
f 116/141/95 422/501/337 636/751/336 407/482/94
f 407/482/94 636/751/336 257/317/338 18/24/59
f 636/751/336 415/490/166 65/71/153 257/317/338
f 422/501/337 124/157/165 415/490/166 636/751/336
f 15/21/68 320/380/340 637/752/339 226/286/86
f 226/286/86 637/752/339 324/384/341 13/19/85
f 637/752/339 326/386/159 66/72/161 324/384/341
f 320/380/340 62/68/131 326/386/159 637/752/339
f 18/24/59 257/317/338 638/753/342 228/288/58
f 228/288/58 638/753/342 256/316/343 16/22/57
f 638/753/342 327/387/154 64/70/144 256/316/343
f 257/317/338 65/71/153 327/387/154 638/753/342
f 16/22/57 256/316/343 639/754/344 225/285/80
f 225/285/79 639/754/346 255/315/345 17/23/78
f 639/754/346 328/388/148 63/69/138 255/315/345
f 256/316/343 64/70/144 328/388/145 639/754/344
f 17/23/78 255/315/345 640/755/139 227/287/89
f 227/287/89 640/755/139 253/313/347 14/20/71
f 640/755/139 329/389/139 61/67/126 253/313/347
f 255/315/345 63/69/138 329/389/139 640/755/139
f 14/20/71 253/313/347 641/756/348 224/284/70
f 224/284/69 641/756/349 320/380/340 15/21/68
f 641/756/349 330/390/130 62/68/131 320/380/340
f 253/313/347 61/67/126 330/390/127 641/756/348
f 117/143/101 421/499/351 642/757/350 408/483/100
f 408/483/100 642/757/350 235/295/352 19/25/99
f 642/757/350 416/491/91 71/77/51 235/295/352
f 421/499/351 125/159/90 416/491/91 642/757/350
f 23/29/107 333/393/353 643/758/12 242/302/106
f 242/302/106 643/758/12 237/297/354 21/27/105
f 643/758/12 338/398/87 72/78/60 237/297/354
f 333/393/353 69/75/75 338/398/87 643/758/12
f 22/28/113 332/392/356 644/759/355 243/303/112
f 243/303/112 644/759/355 334/394/357 24/30/111
f 644/759/355 339/399/81 70/76/83 334/394/357
f 332/392/356 68/74/65 339/399/81 644/759/355
f 20/26/119 331/391/359 645/760/358 244/304/118
f 244/304/117 645/760/360 333/393/353 23/29/107
f 645/760/360 340/400/74 69/75/75 333/393/353
f 331/391/359 67/73/55 340/400/72 645/760/358
f 21/27/105 237/297/354 646/761/361 245/305/123
f 245/305/122 646/761/362 332/392/356 22/28/113
f 646/761/362 341/401/64 68/74/65 332/392/356
f 237/297/354 72/78/60 341/401/61 646/761/361
f 19/25/99 235/295/352 647/762/363 246/306/125
f 246/306/125 647/762/363 331/391/359 20/26/119
f 647/762/363 342/402/52 67/73/55 331/391/359
f 235/295/352 71/77/51 342/402/52 647/762/363
f 120/149/260 420/497/365 648/763/364 411/486/259
f 411/486/259 648/763/364 293/353/366 42/48/248
f 648/763/364 417/492/301 77/83/288 293/353/366
f 420/497/365 126/161/300 417/492/301 648/763/364
f 39/45/224 344/404/368 649/764/367 274/334/254
f 274/334/254 649/764/367 348/408/369 37/43/253
f 649/764/367 350/410/294 78/84/296 348/408/369
f 344/404/368 74/80/266 350/410/294 649/764/367
f 42/48/248 293/353/366 650/765/370 276/336/247
f 276/336/247 650/765/370 292/352/371 40/46/242
f 650/765/370 351/411/289 76/82/279 292/352/371
f 293/353/366 77/83/288 351/411/289 650/765/370
f 40/46/242 292/352/371 651/766/372 273/333/241
f 273/333/240 651/766/374 291/351/373 41/47/233
f 651/766/374 352/412/283 75/81/273 291/351/373
f 292/352/371 76/82/279 352/412/280 651/766/372
f 41/47/233 291/351/373 652/767/375 275/335/232
f 275/335/232 652/767/375 289/349/376 38/44/227
f 652/767/375 353/413/274 73/79/261 289/349/376
f 291/351/373 75/81/273 353/413/274 652/767/375
f 38/44/227 289/349/376 653/768/377 272/332/226
f 272/332/225 653/768/378 344/404/368 39/45/224
f 653/768/378 354/414/265 74/80/266 344/404/368
f 289/349/376 73/79/261 354/414/262 653/768/377
f 150/190/379 486/586/382 654/769/381 471/562/380
f 471/562/380 654/769/381 488/589/384 151/191/383
f 654/769/381 388/448/386 94/100/385 488/589/384
f 486/586/382 93/99/387 388/448/386 654/769/381
f 143/183/388 477/569/391 655/770/390 455/545/389
f 455/545/392 655/770/395 482/580/394 146/186/393
f 655/770/395 385/445/397 97/103/396 482/580/394
f 477/569/391 96/102/399 385/445/398 655/770/390
f 154/195/400 480/574/403 656/771/402 473/564/401
f 473/564/401 656/771/402 476/568/405 141/181/404
f 656/771/402 391/451/407 95/101/406 476/568/405
f 480/574/403 113/135/408 391/451/407 656/771/402
f 147/187/409 484/583/412 657/772/411 459/549/410
f 459/549/413 657/772/414 486/586/382 150/190/379
f 657/772/414 383/443/415 93/99/387 486/586/382
f 484/583/412 98/104/417 383/443/416 657/772/411
f 146/186/393 482/580/394 658/773/419 469/560/418
f 469/560/418 658/773/419 484/583/412 147/187/409
f 658/773/419 384/444/420 98/104/417 484/583/412
f 482/580/394 97/103/396 384/444/420 658/773/419
f 659/775/421 465/556/425 156/199/424 490/592/423
f 489/591/422 152/192/426 465/556/425 659/775/421
f 93/99/387 381/441/428 660/776/427 388/448/386
f 388/448/386 660/776/427 361/421/429 94/100/385
f 660/776/427 360/420/431 84/90/430 361/421/429
f 381/441/428 83/89/432 360/420/431 660/776/427
f 95/101/406 382/442/435 661/777/434 387/447/433
f 387/447/433 661/777/434 362/422/436 96/102/399
f 661/777/434 358/418/438 80/86/437 362/422/436
f 382/442/435 79/85/439 358/418/438 661/777/434
f 113/135/408 393/454/441 662/778/440 391/451/407
f 391/451/407 662/778/440 382/442/435 95/101/406
f 662/778/440 390/450/442 79/85/439 382/442/435
f 393/454/441 112/133/443 390/450/442 662/778/440
f 96/102/399 362/422/436 663/779/444 385/445/398
f 385/445/397 663/779/446 363/423/445 97/103/396
f 663/779/446 355/415/448 81/87/447 363/423/445
f 362/422/436 80/86/437 355/415/449 663/779/444
f 97/103/396 363/423/445 664/780/450 384/444/420
f 384/444/420 664/780/450 364/424/451 98/104/417
f 664/780/450 359/419/453 82/88/452 364/424/451
f 363/423/445 81/87/447 359/419/453 664/780/450
f 98/104/417 364/424/451 665/781/454 383/443/416
f 383/443/415 665/781/455 381/441/428 93/99/387
f 665/781/455 356/416/456 83/89/432 381/441/428
f 364/424/451 82/88/452 356/416/457 665/781/454
f 132/170/458 435/523/461 666/782/460 438/526/459
f 438/526/462 666/782/465 369/429/464 129/167/463
f 666/782/465 366/426/467 88/94/466 369/429/464
f 435/523/461 87/93/468 366/426/468 666/782/460
f 796/947/469 810/968/472 433/521/471 91/97/470
f 806/962/473 809/967/476 802/956/475 805/961/474
f 806/962/473 793/943/477 790/937/477 809/967/476
f 130/168/478 371/431/481 667/783/480 437/525/479
f 437/525/482 667/783/485 372/432/484 131/169/483
f 667/783/485 365/425/486 86/92/486 372/432/484
f 371/431/481 85/91/488 365/425/487 667/783/480
f 131/169/489 372/432/492 668/784/491 436/524/490
f 436/524/490 668/784/491 435/523/461 132/170/458
f 668/784/491 367/427/494 87/93/493 435/523/461
f 372/432/492 86/92/495 367/427/494 668/784/491
f 138/176/496 377/437/499 669/785/498 453/543/497
f 453/543/497 669/785/498 439/527/501 133/171/500
f 669/785/498 378/438/503 89/95/502 439/527/501
f 377/437/499 92/98/504 378/438/503 669/785/498
f 137/175/505 376/436/508 670/786/507 452/542/506
f 452/542/509 670/786/510 377/437/499 138/176/496
f 670/786/510 379/439/511 92/98/504 377/437/499
f 376/436/508 91/97/470 379/439/512 670/786/507
f 139/177/513 392/452/516 671/787/515 451/541/514
f 451/541/514 671/787/515 440/528/518 134/172/517
f 788/932/519 794/944/521 800/953/520 787/931/519
f 692/814/522 795/946/525 789/933/524 418/493/523
f 134/172/517 440/528/518 672/788/527 450/540/526
f 450/540/526 672/788/527 376/436/508 137/175/505
f 811/970/528 797/949/531 798/950/530 812/971/529
f 671/787/515 801/954/533 785/926/532 440/528/518
f 135/173/534 374/434/537 673/789/536 449/539/535
f 449/539/535 673/789/536 375/435/539 136/174/538
f 797/949/531 784/925/541 782/922/540 798/950/530
f 810/968/472 803/957/542 130/168/478 433/521/471
f 133/171/500 439/527/501 674/790/544 448/538/543
f 448/538/545 674/790/546 374/434/537 135/173/534
f 674/790/546 380/440/548 90/96/547 374/434/537
f 439/527/501 89/95/502 380/440/549 674/790/544
f 675/792/553 461/551/555 149/189/554 487/588/552
f 485/585/551 148/188/557 461/551/556 675/792/550
f 676/794/558 470/561/560 148/188/557 485/585/551
f 483/582/559 145/185/561 470/561/560 676/794/558
f 677/796/564 457/547/565 145/185/561 483/582/559
f 479/573/563 144/184/567 457/547/566 677/796/562
f 678/798/568 475/567/572 142/182/571 478/571/570
f 481/577/569 153/193/573 475/567/572 678/798/568
f 679/800/574 468/559/575 144/184/567 479/573/563
f 478/571/570 142/182/571 468/559/575 679/800/574
f 680/802/576 472/563/577 152/192/426 489/591/422
f 487/588/552 149/189/554 472/563/577 680/802/576
f 37/43/253 348/408/369 681/803/579 271/331/578
f 271/331/578 681/803/579 394/456/581 105/119/580
f 681/803/579 349/409/583 111/131/582 394/456/581
f 348/408/369 78/84/296 349/409/583 681/803/579
f 24/30/111 334/394/357 682/804/585 241/301/584
f 241/301/584 682/804/585 395/458/587 102/113/586
f 682/804/585 337/397/589 110/129/588 395/458/587
f 334/394/357 70/76/83 337/397/589 682/804/585
f 13/19/85 324/384/341 683/805/591 223/283/590
f 223/283/590 683/805/591 396/460/593 101/111/592
f 683/805/591 325/385/595 109/127/594 396/460/593
f 324/384/341 66/72/161 325/385/595 683/805/591
f 25/31/163 312/372/326 684/806/597 247/307/596
f 247/307/596 684/806/597 397/462/599 103/115/598
f 684/806/597 313/373/601 108/125/600 397/462/599
f 312/372/326 60/66/206 313/373/601 684/806/597
f 31/37/208 300/360/311 685/807/603 259/319/602
f 259/319/602 685/807/603 398/464/605 104/117/604
f 685/807/603 301/361/607 107/123/606 398/464/605
f 300/360/311 54/60/251 301/361/607 685/807/603
f 78/84/296 294/354/297 686/808/608 349/409/583
f 349/409/583 686/808/608 399/466/609 111/131/582
f 686/808/608 283/343/611 106/121/610 399/466/609
f 294/354/297 43/49/298 283/343/611 686/808/608
f 54/60/251 282/342/252 687/809/612 301/361/607
f 301/361/607 687/809/612 400/468/613 107/123/606
f 687/809/612 271/331/578 105/119/580 400/468/613
f 282/342/252 37/43/253 271/331/578 687/809/612
f 60/66/206 270/330/207 688/810/614 313/373/601
f 313/373/601 688/810/614 401/470/615 108/125/600
f 688/810/614 259/319/602 104/117/604 401/470/615
f 270/330/207 31/37/208 259/319/602 688/810/614
f 66/72/161 258/318/162 689/811/616 325/385/595
f 325/385/595 689/811/616 402/472/617 109/127/594
f 689/811/616 247/307/596 103/115/598 402/472/617
f 258/318/162 25/31/163 247/307/596 689/811/616
f 2/3/24 240/300/110 690/812/618 205/260/23
f 205/260/23 690/812/618 403/474/619 100/108/22
f 690/812/618 241/301/584 102/113/586 403/474/619
f 240/300/110 24/30/111 241/301/584 690/812/618
f 70/76/83 234/294/84 691/813/620 337/397/589
f 337/397/589 691/813/620 404/476/621 110/129/588
f 691/813/620 223/283/590 101/111/592 404/476/621
f 234/294/84 13/19/85 223/283/590 691/813/620
f 136/174/538 375/435/539 692/814/522 447/537/622
f 447/537/622 692/814/522 418/493/523 140/179/623
f 85/91/624 791/938/626 790/936/626 793/942/626 792/940/626 88/94/625
f 794/944/521 782/922/540 784/925/541 800/953/520
f 94/100/385 361/421/429 693/815/628 386/446/627
f 386/446/627 693/815/628 419/495/630 128/165/629
f 693/815/628 357/417/632 127/163/631 419/495/630
f 361/421/429 84/90/430 357/417/632 693/815/628
f 151/191/383 488/589/384 694/816/634 463/554/633
f 463/554/633 694/816/634 491/595/636 155/197/635
f 694/816/634 386/446/627 128/165/629 491/595/636
f 488/589/384 94/100/385 386/446/627 694/816/634
f 92/98/504 434/522/638 695/817/637 378/438/503
f 378/438/503 695/817/637 373/433/639 89/95/502
f 695/817/637 436/524/490 132/170/458 373/433/639
f 434/522/638 131/169/489 436/524/490 695/817/637
f 91/97/470 433/521/471 696/818/640 379/439/512
f 379/439/511 696/818/641 434/522/638 92/98/504
f 696/818/641 437/525/482 131/169/483 434/522/638
f 433/521/471 130/168/478 437/525/479 696/818/640
f 672/788/527 796/947/469 91/97/470 376/436/508
f 811/970/528 812/971/529 805/961/474 802/956/475
f 374/434/537 90/96/547 799/951/642 673/789/536
f 129/167/463 369/429/464 807/963/644 804/959/643
f 89/95/502 373/433/639 697/819/645 380/440/549
f 380/440/548 697/819/647 432/520/646 90/96/547
f 697/819/647 438/526/462 129/167/463 432/520/646
f 373/433/639 132/170/458 438/526/459 697/819/645
f 84/90/430 442/530/649 698/820/648 357/417/632
f 357/417/632 698/820/648 446/535/650 127/163/631
f 698/820/648 447/537/622 140/179/623 446/535/650
f 442/530/649 136/174/538 447/537/622 698/820/648
f 82/88/452 368/428/652 699/821/651 356/416/457
f 356/416/456 699/821/654 441/529/653 83/89/432
f 699/821/654 448/538/545 135/173/534 441/529/653
f 368/428/652 133/171/500 448/538/543 699/821/651
f 83/89/432 441/529/653 700/822/655 360/420/431
f 360/420/431 700/822/655 442/530/649 84/90/430
f 700/822/655 449/539/535 136/174/538 442/530/649
f 441/529/653 135/173/534 449/539/535 700/822/655
f 79/85/439 370/430/657 701/823/656 358/418/438
f 358/418/438 701/823/656 443/531/658 80/86/437
f 701/823/656 450/540/526 137/175/505 443/531/658
f 370/430/657 134/172/517 450/540/526 701/823/656
f 112/133/443 445/533/660 702/824/659 390/450/442
f 390/450/442 702/824/659 370/430/657 79/85/439
f 702/824/659 451/541/514 134/172/517 370/430/657
f 445/533/660 139/177/513 451/541/514 702/824/659
f 80/86/437 443/531/658 703/825/661 355/415/449
f 355/415/448 703/825/663 444/532/662 81/87/447
f 703/825/663 452/542/509 138/176/496 444/532/662
f 443/531/658 137/175/505 452/542/506 703/825/661
f 81/87/447 444/532/662 704/826/664 359/419/453
f 359/419/453 704/826/664 368/428/652 82/88/452
f 704/826/664 453/543/497 133/171/500 368/428/652
f 444/532/662 138/176/496 453/543/497 704/826/664
f 146/186/393 454/544/666 705/827/665 455/545/392
f 455/545/389 705/827/668 456/546/667 143/183/388
f 705/827/668 457/547/566 144/184/567 456/546/667
f 454/544/666 145/185/561 457/547/565 705/827/665
f 150/190/379 458/548/670 706/828/669 459/549/413
f 459/549/410 706/828/672 460/550/671 147/187/409
f 706/828/672 461/551/556 148/188/557 460/550/671
f 458/548/670 149/189/554 461/551/555 706/828/669
f 155/197/635 462/552/674 707/829/673 463/554/633
f 463/554/633 707/829/673 464/555/675 151/191/383
f 707/829/673 465/556/425 152/192/426 464/555/675
f 462/552/674 156/199/424 465/556/425 707/829/673
f 143/183/388 456/546/667 708/830/677 466/557/676
f 466/557/676 708/830/677 467/558/678 141/181/404
f 708/830/677 468/559/575 142/182/571 467/558/678
f 456/546/667 144/184/567 468/559/575 708/830/677
f 147/187/409 460/550/671 709/831/679 469/560/418
f 469/560/418 709/831/679 454/544/666 146/186/393
f 709/831/679 470/561/560 145/185/561 454/544/666
f 460/550/671 148/188/557 470/561/560 709/831/679
f 151/191/383 464/555/675 710/832/680 471/562/380
f 471/562/380 710/832/680 458/548/670 150/190/379
f 710/832/680 472/563/577 149/189/554 458/548/670
f 464/555/675 152/192/426 472/563/577 710/832/680
f 141/181/404 467/558/678 711/833/681 473/564/401
f 473/564/401 711/833/681 474/565/682 154/195/400
f 711/833/681 475/567/572 153/193/573 474/565/682
f 467/558/678 142/182/571 475/567/572 711/833/681
f 141/181/404 476/568/405 712/834/683 466/557/676
f 466/557/676 712/834/683 477/569/391 143/183/388
f 712/834/683 387/447/433 96/102/399 477/569/391
f 476/568/405 95/101/406 387/447/433 712/834/683
f 186/236/684 545/656/687 713/835/686 550/661/685
f 550/661/688 713/835/691 496/601/690 185/235/689
f 713/835/691 492/597/693 158/202/692 496/601/690
f 545/656/687 157/201/694 492/597/694 713/835/686
f 187/237/695 546/657/698 714/836/697 549/660/696
f 549/660/696 714/836/697 545/656/699 186/236/684
f 714/836/697 494/599/701 157/201/700 545/656/699
f 546/657/698 160/204/702 494/599/701 714/836/697
f 188/238/703 547/658/706 715/837/705 548/659/704
f 548/659/707 715/837/709 546/657/708 187/237/695
f 715/837/709 493/598/710 160/204/710 546/657/708
f 547/658/706 159/203/712 493/598/711 715/837/705
f 162/206/713 544/655/716 775/911/715 507/614/714
f 163/207/717 758/884/720 781/920/719 512/619/718
f 774/910/721 767/900/723 768/901/722 776/913/721
f 771/906/724 772/907/726 755/878/725 756/880/725
f 197/249/727 502/608/730 716/838/729 580/695/728
f 580/695/728 716/838/729 573/688/732 204/258/731
f 716/838/729 507/614/714 167/212/733 573/688/732
f 502/608/730 162/206/713 507/614/714 716/838/729
f 198/250/734 503/609/737 717/839/736 579/694/735
f 579/694/735 717/839/736 572/687/739 203/257/738
f 717/839/736 508/615/741 166/211/740 572/687/739
f 503/609/737 164/209/742 508/615/741 717/839/736
f 204/258/731 573/688/732 718/840/744 578/693/743
f 578/693/743 718/840/744 506/612/746 199/251/745
f 718/840/744 509/616/748 168/213/747 506/612/746
f 573/688/732 167/212/733 509/616/748 718/840/744
f 203/257/738 572/687/739 719/841/750 577/692/749
f 577/692/751 719/841/754 571/686/753 202/256/752
f 719/841/754 510/617/756 165/210/755 571/686/753
f 572/687/739 166/211/740 510/617/757 719/841/750
f 202/256/752 571/686/753 720/842/759 576/691/758
f 576/691/758 720/842/759 569/683/761 200/253/760
f 720/842/759 511/618/763 161/205/762 569/683/761
f 571/686/753 165/210/755 511/618/763 720/842/759
f 201/254/764 570/684/767 721/843/766 575/690/765
f 575/690/765 721/843/766 503/609/737 198/250/734
f 721/843/766 512/619/718 164/209/742 503/609/737
f 570/684/767 163/207/717 512/619/718 721/843/766
f 200/253/760 569/683/761 722/844/769 574/689/768
f 574/689/770 722/844/771 502/608/730 197/249/727
f 722/844/771 513/620/772 162/206/713 502/608/730
f 569/683/761 161/205/762 513/620/773 722/844/769
f 189/239/774 551/662/777 723/845/776 565/678/775
f 565/678/778 723/845/781 519/627/780 194/245/779
f 723/845/781 522/631/783 174/221/782 519/627/780
f 551/662/777 169/215/785 522/631/784 723/845/776
f 190/240/786 552/663/789 724/846/788 564/677/787
f 564/677/787 724/846/788 520/628/791 195/246/790
f 724/846/788 523/632/793 175/222/792 520/628/791
f 552/663/789 170/216/794 523/632/793 724/846/788
f 191/242/795 553/665/798 725/847/797 563/676/796
f 563/676/796 725/847/797 551/662/777 189/239/774
f 725/847/797 524/633/799 169/215/785 551/662/777
f 553/665/798 171/218/800 524/633/799 725/847/797
f 192/243/801 554/666/804 726/848/803 562/675/802
f 562/675/805 726/848/806 553/665/798 191/242/795
f 726/848/806 525/634/807 171/218/800 553/665/798
f 554/666/804 172/219/809 525/634/808 726/848/803
f 193/244/810 555/667/813 727/849/812 561/674/811
f 561/674/811 727/849/812 521/629/815 196/247/814
f 727/849/812 526/635/817 176/223/816 521/629/815
f 555/667/813 173/220/818 526/635/817 727/849/812
f 195/246/790 520/628/791 728/850/820 560/673/819
f 560/673/819 728/850/820 554/666/804 192/243/801
f 728/850/820 527/636/821 172/219/809 554/666/804
f 520/628/791 175/222/792 527/636/821 728/850/820
f 194/245/779 519/627/780 729/851/823 559/672/822
f 559/672/822 729/851/823 555/667/813 193/244/810
f 729/851/823 528/637/824 173/220/818 555/667/813
f 519/627/780 174/221/782 528/637/824 729/851/823
f 169/215/785 514/621/826 730/852/825 522/631/784
f 522/631/783 730/852/828 529/638/827 174/221/782
f 730/852/828 537/648/830 177/225/829 529/638/827
f 514/621/826 180/229/832 537/648/831 730/852/825
f 170/216/794 515/622/834 731/853/833 523/632/793
f 523/632/793 731/853/833 530/639/835 175/222/792
f 731/853/833 538/649/837 178/226/836 530/639/835
f 515/622/834 181/230/834 538/649/837 731/853/833
f 171/218/800 516/624/839 732/854/838 524/633/799
f 524/633/799 732/854/838 514/621/826 169/215/785
f 732/854/838 539/650/840 180/229/832 514/621/826
f 516/624/839 182/232/841 539/650/840 732/854/838
f 172/219/809 517/625/843 733/855/842 525/634/808
f 525/634/807 733/855/844 516/624/839 171/218/800
f 733/855/844 540/651/845 182/232/841 516/624/839
f 517/625/843 183/233/847 540/651/846 733/855/842
f 173/220/818 518/626/849 734/856/848 526/635/817
f 526/635/817 734/856/848 531/640/850 176/223/816
f 734/856/848 541/652/852 179/227/851 531/640/850
f 518/626/849 184/234/853 541/652/852 734/856/848
f 175/222/792 530/639/835 735/857/854 527/636/821
f 527/636/821 735/857/854 517/625/843 172/219/809
f 735/857/854 542/653/855 183/233/847 517/625/843
f 530/639/835 178/226/836 542/653/855 735/857/854
f 174/221/782 529/638/827 736/858/856 528/637/824
f 528/637/824 736/858/856 518/626/849 173/220/818
f 736/858/856 543/654/857 184/234/853 518/626/849
f 529/638/827 177/225/829 543/654/857 736/858/856
f 508/615/741 777/914/859 505/611/858 166/211/740
f 778/916/860 761/890/863 762/891/862 780/919/861
f 185/235/689 496/601/690 773/909/865 766/898/864
f 509/616/748 779/917/867 765/895/866 168/213/747
f 769/902/868 770/904/869 547/658/706 188/238/703
f 507/614/714 775/911/715 760/888/870 167/212/733
f 544/655/716 185/235/689 766/898/864 775/911/715
f 166/211/740 505/611/858 737/859/871 510/617/757
f 510/617/756 737/859/873 504/610/872 165/210/755
f 737/859/873 548/659/707 187/237/695 504/610/872
f 505/611/858 188/238/703 548/659/704 737/859/871
f 165/210/755 504/610/872 738/860/874 511/618/763
f 511/618/763 738/860/874 501/607/875 161/205/762
f 738/860/874 549/660/696 186/236/684 501/607/875
f 504/610/872 187/237/695 549/660/696 738/860/874
f 778/916/860 780/919/861 759/887/876 764/894/876
f 164/209/742 763/892/877 777/914/859 508/615/741
f 161/205/762 501/607/875 739/861/878 513/620/773
f 513/620/772 739/861/879 544/655/716 162/206/713
f 739/861/879 550/661/688 185/235/689 544/655/716
f 501/607/875 186/236/684 550/661/685 739/861/878
f 45/51/269 556/668/881 740/862/880 286/346/299
f 286/346/299 740/862/880 500/606/882 43/49/298
f 740/862/880 559/672/822 193/244/810 500/606/882
f 556/668/881 194/245/779 559/672/822 740/862/880
f 48/54/293 557/669/884 741/863/883 288/348/292
f 288/348/292 741/863/883 499/605/885 46/52/287
f 741/863/883 560/673/819 192/243/801 499/605/885
f 557/669/884 195/246/790 560/673/819 741/863/883
f 43/49/298 500/606/882 742/864/886 283/343/611
f 283/343/611 742/864/886 558/670/887 106/121/610
f 742/864/886 561/674/811 196/247/814 558/670/887
f 500/606/882 193/244/810 561/674/811 742/864/886
f 46/52/287 499/605/885 743/865/888 285/345/286
f 285/345/285 743/865/890 498/604/889 47/53/278
f 743/865/890 562/675/805 191/242/795 498/604/889
f 499/605/885 192/243/801 562/675/802 743/865/888
f 47/53/278 498/604/889 744/866/891 287/347/277
f 287/347/277 744/866/891 495/600/892 44/50/272
f 744/866/891 563/676/796 189/239/774 495/600/892
f 498/604/889 191/242/795 563/676/796 744/866/891
f 121/151/305 497/602/894 745/867/893 412/487/304
f 412/487/304 745/867/893 557/669/884 48/54/293
f 745/867/893 564/677/787 195/246/790 557/669/884
f 497/602/894 190/240/786 564/677/787 745/867/893
f 44/50/272 495/600/892 746/868/895 284/344/271
f 284/344/270 746/868/896 556/668/881 45/51/269
f 746/868/896 565/678/778 194/245/779 556/668/881
f 495/600/892 189/239/774 565/678/775 746/868/895
f 180/229/832 532/642/898 747/869/897 537/648/831
f 537/648/830 747/869/900 566/679/899 177/225/829
f 747/869/900 574/689/770 197/249/727 566/679/899
f 532/642/898 200/253/760 574/689/768 747/869/897
f 181/230/834 533/643/902 748/870/901 538/649/837
f 538/649/837 748/870/901 567/680/903 178/226/836
f 748/870/901 575/690/765 198/250/734 567/680/903
f 533/643/902 201/254/764 575/690/765 748/870/901
f 182/232/841 534/645/905 749/871/904 539/650/840
f 539/650/840 749/871/904 532/642/898 180/229/832
f 749/871/904 576/691/758 200/253/760 532/642/898
f 534/645/905 202/256/752 576/691/758 749/871/904
f 183/233/847 535/646/907 750/872/906 540/651/846
f 540/651/845 750/872/908 534/645/905 182/232/841
f 750/872/908 577/692/751 202/256/752 534/645/905
f 535/646/907 203/257/738 577/692/749 750/872/906
f 184/234/853 536/647/910 751/873/909 541/652/852
f 541/652/852 751/873/909 568/681/911 179/227/851
f 751/873/909 578/693/743 199/251/745 568/681/911
f 536/647/910 204/258/731 578/693/743 751/873/909
f 178/226/836 567/680/903 752/874/912 542/653/855
f 542/653/855 752/874/912 535/646/907 183/233/847
f 752/874/912 579/694/735 203/257/738 535/646/907
f 567/680/903 198/250/734 579/694/735 752/874/912
f 177/225/829 566/679/899 753/875/913 543/654/857
f 543/654/857 753/875/913 536/647/910 184/234/853
f 753/875/913 580/695/728 204/258/731 536/647/910
f 566/679/899 197/249/727 580/695/728 753/875/913
f 167/212/733 760/888/870 779/917/867 509/616/748
f 774/910/914 776/913/914 762/891/862 761/890/863
f 512/619/718 781/920/719 763/892/877 164/209/742
f 771/906/724 768/901/722 767/900/723 772/907/726
f 777/914/859 769/902/868 188/238/703 505/611/858
f 770/904/869 757/883/915 159/203/712 547/658/706
f 769/903/916 768/901/919 771/906/918 770/905/917
f 756/880/920 757/882/920 770/905/917 771/906/918
f 767/900/921 766/899/924 773/908/923 772/907/922
f 754/876/925 755/878/925 772/907/922 773/908/923
f 761/890/926 760/889/929 775/912/928 774/910/927
f 766/899/924 767/900/921 774/910/927 775/912/928
f 768/901/919 769/903/916 777/915/931 776/913/930
f 763/893/932 762/891/933 776/913/930 777/915/931
f 764/894/934 765/897/934 779/918/936 778/916/935
f 760/889/929 761/890/926 778/916/935 779/918/936
f 762/891/933 763/893/932 781/921/938 780/919/937
f 758/886/939 759/887/939 780/919/937 781/921/938
f 496/601/690 158/202/692 754/877/940 773/909/865
f 754/877/941 158/202/941 159/203/941 757/883/941
f 158/202/941 492/597/941 493/598/941 159/203/941
f 492/597/941 157/201/941 494/599/941 160/204/941 493/598/941
f 369/429/464 88/94/466 792/940/942 807/963/644
f 432/520/646 129/167/463 804/959/643 813/972/943
f 803/957/542 808/965/944 371/431/481 130/168/478
f 90/96/547 432/520/646 813/972/943 799/951/642
f 440/528/518 785/926/532 796/947/469 672/788/527
f 673/789/536 799/951/642 783/924/945 375/435/539
f 392/452/516 786/928/946 801/954/533 671/787/515
f 808/965/944 791/938/947 85/91/488 371/431/481
f 365/425/948 85/91/624 88/94/625 366/426/949
f 86/92/950 365/425/948 366/426/949 87/93/950 367/427/950
f 788/932/951 789/935/951 795/945/953 794/944/952
f 794/944/952 795/945/953 783/923/955 782/922/954
f 797/949/956 796/948/959 785/927/958 784/925/957
f 782/922/954 783/923/955 799/952/961 798/950/960
f 784/925/957 785/927/958 801/955/963 800/953/962
f 800/953/962 801/955/963 786/930/964 787/931/964
f 805/961/965 804/960/968 807/964/967 806/962/966
f 792/941/969 793/943/969 806/962/966 807/964/967
f 803/958/970 802/956/973 809/967/972 808/966/971
f 790/937/974 791/939/974 808/966/971 809/967/972
f 796/948/959 797/949/956 811/970/976 810/969/975
f 802/956/973 803/958/970 810/969/975 811/970/976
f 798/950/960 799/952/961 813/973/978 812/971/977
f 804/960/968 805/961/965 812/971/977 813/973/978
f 375/435/539 783/924/945 795/946/525 692/814/522
f 884/1050/1029 1109/1281/1032 1309/1488/1031 1102/1274/1030
f 1109/1281/1032 880/1046/1034 997/1169/1033 1309/1488/1031
f 1309/1488/1031 997/1169/1033 829/995/1036 995/1167/1035
f 1102/1274/1030 1309/1488/1031 995/1167/1035 831/997/1037
f 885/1051/1038 1108/1280/1041 1310/1489/1040 1103/1275/1039
f 1108/1280/1042 881/1047/1045 999/1171/1044 1310/1489/1043
f 1310/1489/1043 999/1171/1044 828/994/1047 991/1163/1046
f 1103/1275/1039 1310/1489/1040 991/1163/1049 827/993/1048
f 880/1046/1034 1107/1279/1051 1311/1490/1050 997/1169/1033
f 1107/1279/1052 882/1048/1055 1000/1172/1054 1311/1490/1053
f 1311/1490/1053 1000/1172/1054 830/996/1057 992/1164/1056
f 997/1169/1033 1311/1490/1050 992/1164/1058 829/995/1036
f 881/1047/1045 1106/1278/1060 1312/1491/1059 999/1171/1044
f 1106/1278/1060 883/1049/1062 1001/1173/1061 1312/1491/1059
f 1312/1491/1059 1001/1173/1061 826/992/1064 993/1165/1063
f 999/1171/1044 1312/1491/1059 993/1165/1063 828/994/1047
f 882/1048/1055 1105/1277/1066 1313/1492/1065 1000/1172/1054
f 1105/1277/1066 885/1051/1038 1103/1275/1039 1313/1492/1065
f 1313/1492/1065 1103/1275/1039 827/993/1048 994/1166/1067
f 1000/1172/1054 1313/1492/1065 994/1166/1067 830/996/1057
f 125/160/1068 1169/1342/1071 1314/1493/1070 430/518/1069
f 1169/1342/1071 884/1050/1029 1102/1274/1030 1314/1493/1070
f 1314/1493/1070 1102/1274/1030 831/997/1037 1160/1333/1072
f 430/518/1069 1314/1493/1070 1160/1333/1072 116/142/1073
f 114/139/1020 1159/1332/1021 1315/1494/1075 429/516/1074
f 1159/1332/1021 825/991/986 996/1168/1076 1315/1494/1075
f 1315/1494/1075 996/1168/1076 832/998/1078 1161/1334/1077
f 429/516/1074 1315/1494/1075 1161/1334/1077 117/144/1079
f 823/988/994 987/1158/991 1316/1495/1081 1006/1178/1080
f 987/1158/991 818/980/992 998/1170/1082 1316/1495/1081
f 1316/1495/1081 998/1170/1082 834/1000/1084 1009/1181/1083
f 1006/1178/1080 1316/1495/1081 1009/1181/1083 836/1002/1085
f 819/982/1013 985/1155/1028 1317/1496/1087 1005/1177/1086
f 985/1155/1028 815/976/1003 1007/1179/1088 1317/1496/1087
f 1317/1496/1087 1007/1179/1088 837/1003/1090 1010/1182/1089
f 1005/1177/1086 1317/1496/1087 1010/1182/1089 835/1001/1091
f 822/986/984 978/1147/1014 1318/1497/1093 1003/1175/1092
f 978/1147/1019 823/988/994 1006/1178/1080 1318/1497/1094
f 1318/1497/1094 1006/1178/1080 836/1002/1085 1011/1183/1095
f 1003/1175/1092 1318/1497/1093 1011/1183/1097 833/999/1096
f 818/980/992 974/1142/1005 1319/1498/1098 998/1170/1082
f 974/1142/1012 819/982/1013 1005/1177/1086 1319/1498/1099
f 1319/1498/1099 1005/1177/1086 835/1001/1091 1012/1184/1100
f 998/1170/1082 1319/1498/1098 1012/1184/1101 834/1000/1084
f 825/991/986 989/1161/983 1320/1499/1102 996/1168/1076
f 989/1161/983 822/986/984 1003/1175/1092 1320/1499/1102
f 1320/1499/1102 1003/1175/1092 833/999/1096 1013/1185/1103
f 996/1168/1076 1320/1499/1102 1013/1185/1103 832/998/1078
f 874/1040/1104 1097/1269/1107 1321/1500/1106 1086/1258/1105
f 1097/1269/1108 875/1041/1111 1021/1193/1110 1321/1500/1109
f 1321/1500/1109 1021/1193/1110 840/1006/1113 1015/1187/1112
f 1086/1258/1105 1321/1500/1106 1015/1187/1115 839/1005/1114
f 876/1042/1116 1096/1268/1067 1322/1501/1118 1088/1260/1117
f 1096/1268/1067 874/1040/1104 1086/1258/1105 1322/1501/1118
f 1322/1501/1118 1086/1258/1105 839/1005/1114 1018/1190/1119
f 1088/1260/1117 1322/1501/1118 1018/1190/1119 842/1008/1120
f 877/1043/1121 1095/1267/1124 1323/1502/1123 1089/1261/1122
f 1095/1267/1125 876/1042/1116 1088/1260/1117 1323/1502/1126
f 1323/1502/1126 1088/1260/1117 842/1008/1120 1016/1188/1127
f 1089/1261/1122 1323/1502/1123 1016/1188/1129 841/1007/1128
f 878/1044/1130 1094/1266/1133 1324/1503/1132 1090/1262/1131
f 1094/1266/1133 877/1043/1121 1089/1261/1122 1324/1503/1132
f 1324/1503/1132 1089/1261/1122 841/1007/1128 1019/1191/1134
f 1090/1262/1131 1324/1503/1132 1019/1191/1134 843/1009/1135
f 875/1041/1111 1093/1265/1137 1325/1504/1136 1021/1193/1110
f 1093/1265/1137 879/1045/1139 1025/1197/1138 1325/1504/1136
f 1325/1504/1136 1025/1197/1138 838/1004/1141 1017/1189/1140
f 1021/1193/1110 1325/1504/1136 1017/1189/1140 840/1006/1113
f 124/158/1142 1168/1341/1145 1326/1505/1144 428/514/1143
f 1168/1341/1145 878/1044/1130 1090/1262/1131 1326/1505/1144
f 1326/1505/1144 1090/1262/1131 843/1009/1135 1162/1335/1146
f 428/514/1143 1326/1505/1144 1162/1335/1146 118/146/1147
f 868/1034/1148 1085/1257/1151 1327/1506/1150 1074/1246/1149
f 1085/1257/1152 869/1035/1155 1033/1205/1154 1327/1506/1153
f 1327/1506/1153 1033/1205/1154 846/1012/1157 1027/1199/1156
f 1074/1246/1149 1327/1506/1150 1027/1199/1159 845/1011/1158
f 870/1036/1160 1084/1256/1163 1328/1507/1162 1076/1248/1161
f 1084/1256/1163 868/1034/1148 1074/1246/1149 1328/1507/1162
f 1328/1507/1162 1074/1246/1149 845/1011/1158 1030/1202/1164
f 1076/1248/1161 1328/1507/1162 1030/1202/1164 848/1014/1165
f 871/1037/1166 1083/1255/1169 1329/1508/1168 1077/1249/1167
f 1083/1255/1170 870/1036/1160 1076/1248/1161 1329/1508/1171
f 1329/1508/1171 1076/1248/1161 848/1014/1165 1028/1200/1172
f 1077/1249/1167 1329/1508/1168 1028/1200/1174 847/1013/1173
f 872/1038/1175 1082/1254/1178 1330/1509/1177 1078/1250/1176
f 1082/1254/1178 871/1037/1166 1077/1249/1167 1330/1509/1177
f 1330/1509/1177 1077/1249/1167 847/1013/1173 1031/1203/1179
f 1078/1250/1176 1330/1509/1177 1031/1203/1179 849/1015/1180
f 869/1035/1155 1081/1253/1182 1331/1510/1181 1033/1205/1154
f 1081/1253/1182 873/1039/1184 1037/1209/1183 1331/1510/1181
f 1331/1510/1181 1037/1209/1183 844/1010/1186 1029/1201/1185
f 1033/1205/1154 1331/1510/1181 1029/1201/1185 846/1012/1157
f 123/156/1187 1167/1340/1190 1332/1511/1189 427/512/1188
f 1167/1340/1190 872/1038/1175 1078/1250/1176 1332/1511/1189
f 1332/1511/1189 1078/1250/1176 849/1015/1180 1163/1336/1191
f 427/512/1188 1332/1511/1189 1163/1336/1191 119/148/1192
f 862/1028/1193 1073/1245/1196 1333/1512/1195 1062/1234/1194
f 1073/1245/1197 863/1029/1200 1045/1217/1199 1333/1512/1198
f 1333/1512/1198 1045/1217/1199 852/1018/1202 1039/1211/1201
f 1062/1234/1194 1333/1512/1195 1039/1211/1204 851/1017/1203
f 864/1030/1205 1072/1244/1208 1334/1513/1207 1064/1236/1206
f 1072/1244/1208 862/1028/1193 1062/1234/1194 1334/1513/1207
f 1334/1513/1207 1062/1234/1194 851/1017/1203 1042/1214/1209
f 1064/1236/1206 1334/1513/1207 1042/1214/1209 854/1020/1210
f 865/1031/1211 1071/1243/1214 1335/1514/1213 1065/1237/1212
f 1071/1243/1215 864/1030/1205 1064/1236/1206 1335/1514/1216
f 1335/1514/1216 1064/1236/1206 854/1020/1210 1040/1212/1217
f 1065/1237/1212 1335/1514/1213 1040/1212/1219 853/1019/1218
f 866/1032/1220 1070/1242/1223 1336/1515/1222 1066/1238/1221
f 1070/1242/1223 865/1031/1211 1065/1237/1212 1336/1515/1222
f 1336/1515/1222 1065/1237/1212 853/1019/1218 1043/1215/1224
f 1066/1238/1221 1336/1515/1222 1043/1215/1224 855/1021/1225
f 863/1029/1200 1069/1241/1227 1337/1516/1226 1045/1217/1199
f 1069/1241/1227 867/1033/1229 1049/1221/1228 1337/1516/1226
f 1337/1516/1226 1049/1221/1228 850/1016/1231 1041/1213/1230
f 1045/1217/1199 1337/1516/1226 1041/1213/1230 852/1018/1202
f 122/154/1232 1166/1339/1235 1338/1517/1234 426/510/1233
f 1166/1339/1235 866/1032/1220 1066/1238/1221 1338/1517/1234
f 1338/1517/1234 1066/1238/1221 855/1021/1225 1164/1337/1236
f 426/510/1233 1338/1517/1234 1164/1337/1236 120/150/1237
f 886/1052/1238 1121/1293/1241 1339/1518/1240 1110/1282/1239
f 1121/1293/1242 887/1053/1245 1057/1229/1244 1339/1518/1243
f 1339/1518/1243 1057/1229/1244 858/1024/1247 1051/1223/1246
f 1110/1282/1239 1339/1518/1240 1051/1223/1249 857/1023/1248
f 888/1054/1250 1120/1292/1253 1340/1519/1252 1112/1284/1251
f 1120/1292/1253 886/1052/1238 1110/1282/1239 1340/1519/1252
f 1340/1519/1252 1110/1282/1239 857/1023/1248 1054/1226/1254
f 1112/1284/1251 1340/1519/1252 1054/1226/1254 860/1026/1255
f 889/1055/1256 1119/1291/1259 1341/1520/1258 1113/1285/1257
f 1119/1291/1260 888/1054/1250 1112/1284/1251 1341/1520/1261
f 1341/1520/1261 1112/1284/1251 860/1026/1255 1052/1224/1262
f 1113/1285/1257 1341/1520/1258 1052/1224/1264 859/1025/1263
f 890/1056/1265 1118/1290/1268 1342/1521/1267 1114/1286/1266
f 1118/1290/1268 889/1055/1256 1113/1285/1257 1342/1521/1267
f 1342/1521/1267 1113/1285/1257 859/1025/1263 1055/1227/1269
f 1114/1286/1266 1342/1521/1267 1055/1227/1269 861/1027/1270
f 887/1053/1245 1117/1289/1272 1343/1522/1271 1057/1229/1244
f 1117/1289/1272 891/1057/1274 1061/1233/1273 1343/1522/1271
f 1343/1522/1271 1061/1233/1273 856/1022/1276 1053/1225/1275
f 1057/1229/1244 1343/1522/1271 1053/1225/1275 858/1024/1247
f 126/162/1277 1170/1343/1280 1344/1523/1279 425/508/1278
f 1170/1343/1280 890/1056/1265 1114/1286/1266 1344/1523/1279
f 1344/1523/1279 1114/1286/1266 861/1027/1270 1165/1338/1281
f 425/508/1278 1344/1523/1279 1165/1338/1281 121/152/1282
f 119/148/1192 1163/1336/1191 1345/1524/1284 424/506/1283
f 1163/1336/1191 849/1015/1180 1048/1220/1285 1345/1524/1284
f 1345/1524/1284 1048/1220/1285 866/1032/1220 1166/1339/1235
f 424/506/1283 1345/1524/1284 1166/1339/1235 122/154/1232
f 846/1012/1157 1029/1201/1185 1346/1525/1287 1063/1235/1286
f 1029/1201/1185 844/1010/1186 1067/1239/1288 1346/1525/1287
f 1346/1525/1287 1067/1239/1288 867/1033/1229 1069/1241/1227
f 1063/1235/1286 1346/1525/1287 1069/1241/1227 863/1029/1200
f 849/1015/1180 1031/1203/1179 1347/1526/1289 1048/1220/1285
f 1031/1203/1179 847/1013/1173 1047/1219/1290 1347/1526/1289
f 1347/1526/1289 1047/1219/1290 865/1031/1211 1070/1242/1223
f 1048/1220/1285 1347/1526/1289 1070/1242/1223 866/1032/1220
f 847/1013/1173 1028/1200/1174 1348/1527/1291 1047/1219/1290
f 1028/1200/1172 848/1014/1165 1046/1218/1293 1348/1527/1292
f 1348/1527/1292 1046/1218/1293 864/1030/1205 1071/1243/1215
f 1047/1219/1290 1348/1527/1291 1071/1243/1214 865/1031/1211
f 848/1014/1165 1030/1202/1164 1349/1528/1294 1046/1218/1293
f 1030/1202/1164 845/1011/1158 1044/1216/1295 1349/1528/1294
f 1349/1528/1294 1044/1216/1295 862/1028/1193 1072/1244/1208
f 1046/1218/1293 1349/1528/1294 1072/1244/1208 864/1030/1205
f 845/1011/1158 1027/1199/1159 1350/1529/1296 1044/1216/1295
f 1027/1199/1156 846/1012/1157 1063/1235/1286 1350/1529/1297
f 1350/1529/1297 1063/1235/1286 863/1029/1200 1073/1245/1197
f 1044/1216/1295 1350/1529/1296 1073/1245/1196 862/1028/1193
f 118/146/1147 1162/1335/1146 1351/1530/1299 423/504/1298
f 1162/1335/1146 843/1009/1135 1036/1208/1300 1351/1530/1299
f 1351/1530/1299 1036/1208/1300 872/1038/1175 1167/1340/1190
f 423/504/1298 1351/1530/1299 1167/1340/1190 123/156/1187
f 840/1006/1113 1017/1189/1140 1352/1531/1302 1075/1247/1301
f 1017/1189/1140 838/1004/1141 1079/1251/1303 1352/1531/1302
f 1352/1531/1302 1079/1251/1303 873/1039/1184 1081/1253/1182
f 1075/1247/1301 1352/1531/1302 1081/1253/1182 869/1035/1155
f 843/1009/1135 1019/1191/1134 1353/1532/1304 1036/1208/1300
f 1019/1191/1134 841/1007/1128 1035/1207/1305 1353/1532/1304
f 1353/1532/1304 1035/1207/1305 871/1037/1166 1082/1254/1178
f 1036/1208/1300 1353/1532/1304 1082/1254/1178 872/1038/1175
f 841/1007/1128 1016/1188/1129 1354/1533/1306 1035/1207/1305
f 1016/1188/1127 842/1008/1120 1034/1206/1308 1354/1533/1307
f 1354/1533/1307 1034/1206/1308 870/1036/1160 1083/1255/1170
f 1035/1207/1305 1354/1533/1306 1083/1255/1169 871/1037/1166
f 842/1008/1120 1018/1190/1119 1355/1534/1119 1034/1206/1308
f 1018/1190/1119 839/1005/1114 1032/1204/1309 1355/1534/1119
f 1355/1534/1119 1032/1204/1309 868/1034/1148 1084/1256/1163
f 1034/1206/1308 1355/1534/1119 1084/1256/1163 870/1036/1160
f 839/1005/1114 1015/1187/1115 1356/1535/1310 1032/1204/1309
f 1015/1187/1112 840/1006/1113 1075/1247/1301 1356/1535/1311
f 1356/1535/1311 1075/1247/1301 869/1035/1155 1085/1257/1152
f 1032/1204/1309 1356/1535/1310 1085/1257/1151 868/1034/1148
f 116/142/1073 1160/1333/1072 1357/1536/1313 422/502/1312
f 1160/1333/1072 831/997/1037 1024/1196/1314 1357/1536/1313
f 1357/1536/1313 1024/1196/1314 878/1044/1130 1168/1341/1145
f 422/502/1312 1357/1536/1313 1168/1341/1145 124/158/1142
f 828/994/1047 993/1165/1063 1358/1537/1316 1087/1259/1315
f 993/1165/1063 826/992/1064 1091/1263/1317 1358/1537/1316
f 1358/1537/1316 1091/1263/1317 879/1045/1139 1093/1265/1137
f 1087/1259/1315 1358/1537/1316 1093/1265/1137 875/1041/1111
f 831/997/1037 995/1167/1035 1359/1538/1318 1024/1196/1314
f 995/1167/1035 829/995/1036 1023/1195/1319 1359/1538/1318
f 1359/1538/1318 1023/1195/1319 877/1043/1121 1094/1266/1133
f 1024/1196/1314 1359/1538/1318 1094/1266/1133 878/1044/1130
f 829/995/1036 992/1164/1058 1360/1539/1320 1023/1195/1319
f 992/1164/1056 830/996/1057 1022/1194/1322 1360/1539/1321
f 1360/1539/1321 1022/1194/1322 876/1042/1116 1095/1267/1125
f 1023/1195/1319 1360/1539/1320 1095/1267/1124 877/1043/1121
f 830/996/1057 994/1166/1067 1361/1540/1067 1022/1194/1322
f 994/1166/1067 827/993/1048 1020/1192/1323 1361/1540/1067
f 1361/1540/1067 1020/1192/1323 874/1040/1104 1096/1268/1067
f 1022/1194/1322 1361/1540/1067 1096/1268/1067 876/1042/1116
f 827/993/1048 991/1163/1049 1362/1541/1324 1020/1192/1323
f 991/1163/1046 828/994/1047 1087/1259/1315 1362/1541/1325
f 1362/1541/1325 1087/1259/1315 875/1041/1111 1097/1269/1108
f 1020/1192/1323 1362/1541/1324 1097/1269/1107 874/1040/1104
f 117/144/1079 1161/1334/1077 1363/1542/1327 421/500/1326
f 1161/1334/1077 832/998/1078 1002/1174/1328 1363/1542/1327
f 1363/1542/1327 1002/1174/1328 884/1050/1029 1169/1342/1071
f 421/500/1326 1363/1542/1327 1169/1342/1071 125/160/1068
f 836/1002/1085 1009/1181/1083 1364/1543/1066 1100/1272/1329
f 1009/1181/1083 834/1000/1084 1004/1176/1330 1364/1543/1066
f 1364/1543/1066 1004/1176/1330 885/1051/1038 1105/1277/1066
f 1100/1272/1329 1364/1543/1066 1105/1277/1066 882/1048/1055
f 835/1001/1091 1010/1182/1089 1365/1544/1332 1099/1271/1331
f 1010/1182/1089 837/1003/1090 1101/1273/1333 1365/1544/1332
f 1365/1544/1332 1101/1273/1333 883/1049/1062 1106/1278/1060
f 1099/1271/1331 1365/1544/1332 1106/1278/1060 881/1047/1045
f 833/999/1096 1011/1183/1097 1366/1545/1335 1098/1270/1334
f 1011/1183/1095 836/1002/1085 1100/1272/1329 1366/1545/1336
f 1366/1545/1336 1100/1272/1329 882/1048/1055 1107/1279/1052
f 1098/1270/1334 1366/1545/1335 1107/1279/1051 880/1046/1034
f 834/1000/1084 1012/1184/1101 1367/1546/1337 1004/1176/1330
f 1012/1184/1100 835/1001/1091 1099/1271/1331 1367/1546/1338
f 1367/1546/1338 1099/1271/1331 881/1047/1045 1108/1280/1042
f 1004/1176/1330 1367/1546/1337 1108/1280/1041 885/1051/1038
f 832/998/1078 1013/1185/1103 1368/1547/1339 1002/1174/1328
f 1013/1185/1103 833/999/1096 1098/1270/1334 1368/1547/1339
f 1368/1547/1339 1098/1270/1334 880/1046/1034 1109/1281/1032
f 1002/1174/1328 1368/1547/1339 1109/1281/1032 884/1050/1029
f 120/150/1237 1164/1337/1236 1369/1548/1341 420/498/1340
f 1164/1337/1236 855/1021/1225 1060/1232/1342 1369/1548/1341
f 1369/1548/1341 1060/1232/1342 890/1056/1265 1170/1343/1280
f 420/498/1340 1369/1548/1341 1170/1343/1280 126/162/1277
f 852/1018/1202 1041/1213/1230 1370/1549/1344 1111/1283/1343
f 1041/1213/1230 850/1016/1231 1115/1287/1345 1370/1549/1344
f 1370/1549/1344 1115/1287/1345 891/1057/1274 1117/1289/1272
f 1111/1283/1343 1370/1549/1344 1117/1289/1272 887/1053/1245
f 855/1021/1225 1043/1215/1224 1371/1550/1346 1060/1232/1342
f 1043/1215/1224 853/1019/1218 1059/1231/1347 1371/1550/1346
f 1371/1550/1346 1059/1231/1347 889/1055/1256 1118/1290/1268
f 1060/1232/1342 1371/1550/1346 1118/1290/1268 890/1056/1265
f 853/1019/1218 1040/1212/1219 1372/1551/1348 1059/1231/1347
f 1040/1212/1217 854/1020/1210 1058/1230/1350 1372/1551/1349
f 1372/1551/1349 1058/1230/1350 888/1054/1250 1119/1291/1260
f 1059/1231/1347 1372/1551/1348 1119/1291/1259 889/1055/1256
f 854/1020/1210 1042/1214/1209 1373/1552/1351 1058/1230/1350
f 1042/1214/1209 851/1017/1203 1056/1228/1352 1373/1552/1351
f 1373/1552/1351 1056/1228/1352 886/1052/1238 1120/1292/1253
f 1058/1230/1350 1373/1552/1351 1120/1292/1253 888/1054/1250
f 851/1017/1203 1039/1211/1204 1374/1553/1353 1056/1228/1352
f 1039/1211/1201 852/1018/1202 1111/1283/1343 1374/1553/1354
f 1374/1553/1354 1111/1283/1343 887/1053/1245 1121/1293/1242
f 1056/1228/1352 1374/1553/1353 1121/1293/1241 886/1052/1238
f 931/1097/1355 1207/1380/1358 1375/1554/1357 1219/1396/1356
f 1207/1380/1358 932/1098/1360 1221/1399/1359 1375/1554/1357
f 1375/1554/1357 1221/1399/1359 907/1073/1362 1155/1327/1361
f 1219/1396/1356 1375/1554/1357 1155/1327/1361 906/1072/1363
f 924/1090/1364 1192/1365/1367 1376/1555/1366 1212/1385/1365
f 1192/1365/1368 927/1093/1371 1215/1390/1370 1376/1555/1369
f 1376/1555/1369 1215/1390/1370 910/1076/1373 1152/1324/1372
f 1212/1385/1365 1376/1555/1366 1152/1324/1375 909/1075/1374
f 154/196/400 1209/1382/1377 1377/1556/1376 480/575/403
f 1209/1382/1377 922/1088/1379 1211/1384/1378 1377/1556/1376
f 1377/1556/1376 1211/1384/1378 908/1074/1381 1158/1330/1380
f 480/575/403 1377/1556/1376 1158/1330/1380 113/136/408
f 928/1094/1382 1196/1369/1385 1378/1557/1384 1217/1393/1383
f 1196/1369/1386 931/1097/1355 1219/1396/1356 1378/1557/1387
f 1378/1557/1387 1219/1396/1356 906/1072/1363 1150/1322/1388
f 1217/1393/1383 1378/1557/1384 1150/1322/1390 911/1077/1389
f 927/1093/1371 1205/1378/1392 1379/1558/1391 1215/1390/1370
f 1205/1378/1392 928/1094/1382 1217/1393/1383 1379/1558/1391
f 1379/1558/1391 1217/1393/1383 911/1077/1389 1151/1323/1393
f 1215/1390/1370 1379/1558/1391 1151/1323/1393 910/1076/1373
f 1380/1560/1395 490/594/1396 156/200/1398 1201/1374/1397
f 1222/1401/1394 1380/1560/1395 1201/1374/1397 933/1099/1399
f 906/1072/1363 1155/1327/1361 1381/1561/1401 1148/1320/1400
f 1155/1327/1361 907/1073/1362 1128/1300/1402 1381/1561/1401
f 1381/1561/1401 1128/1300/1402 897/1063/1404 1127/1299/1403
f 1148/1320/1400 1381/1561/1401 1127/1299/1403 896/1062/1405
f 908/1074/1381 1154/1326/1408 1382/1562/1407 1149/1321/1406
f 1154/1326/1408 909/1075/1374 1129/1301/1409 1382/1562/1407
f 1382/1562/1407 1129/1301/1409 893/1059/1411 1125/1297/1410
f 1149/1321/1406 1382/1562/1407 1125/1297/1410 892/1058/1412
f 113/136/408 1158/1330/1380 1383/1563/1413 393/455/441
f 1158/1330/1380 908/1074/1381 1149/1321/1406 1383/1563/1413
f 1383/1563/1413 1149/1321/1406 892/1058/1412 1157/1329/1414
f 393/455/441 1383/1563/1413 1157/1329/1414 112/134/443
f 909/1075/1374 1152/1324/1375 1384/1564/1415 1129/1301/1409
f 1152/1324/1372 910/1076/1373 1130/1302/1417 1384/1564/1416
f 1384/1564/1416 1130/1302/1417 894/1060/1419 1122/1294/1418
f 1129/1301/1409 1384/1564/1415 1122/1294/1420 893/1059/1411
f 910/1076/1373 1151/1323/1393 1385/1565/1421 1130/1302/1417
f 1151/1323/1393 911/1077/1389 1131/1303/1422 1385/1565/1421
f 1385/1565/1421 1131/1303/1422 895/1061/1424 1126/1298/1423
f 1130/1302/1417 1385/1565/1421 1126/1298/1423 894/1060/1419
f 911/1077/1389 1150/1322/1390 1386/1566/1425 1131/1303/1422
f 1150/1322/1388 906/1072/1363 1148/1320/1400 1386/1566/1426
f 1386/1566/1426 1148/1320/1400 896/1062/1405 1123/1295/1427
f 1131/1303/1422 1386/1566/1425 1123/1295/1428 895/1061/1424
f 915/1081/1429 1177/1350/1432 1387/1567/1431 1174/1347/1430
f 1177/1350/1433 912/1078/1436 1136/1308/1435 1387/1567/1434
f 1387/1567/1434 1136/1308/1435 901/1067/1438 1133/1305/1437
f 1174/1347/1430 1387/1567/1431 1133/1305/1439 900/1066/1439
f 1509/1716/1440 904/1070/1443 1172/1345/1442 1523/1737/1441
f 1519/1731/1444 1518/1730/1447 1515/1725/1446 1522/1736/1445
f 1519/1731/1444 1522/1736/1445 1503/1706/1448 1506/1712/1448
f 913/1079/1449 1176/1349/1452 1388/1568/1451 1138/1310/1450
f 1176/1349/1453 914/1080/1456 1139/1311/1455 1388/1568/1454
f 1388/1568/1454 1139/1311/1455 899/1065/1457 1132/1304/1457
f 1138/1310/1450 1388/1568/1451 1132/1304/1459 898/1064/1458
f 914/1080/1460 1175/1348/1463 1389/1569/1462 1139/1311/1461
f 1175/1348/1463 915/1081/1429 1174/1347/1430 1389/1569/1462
f 1389/1569/1462 1174/1347/1430 900/1066/1465 1134/1306/1464
f 1139/1311/1461 1389/1569/1462 1134/1306/1464 899/1065/1466
f 921/1087/1467 1190/1363/1470 1390/1570/1469 1144/1316/1468
f 1190/1363/1470 916/1082/1472 1178/1351/1471 1390/1570/1469
f 1390/1570/1469 1178/1351/1471 902/1068/1474 1145/1317/1473
f 1144/1316/1468 1390/1570/1469 1145/1317/1473 905/1071/1475
f 920/1086/1476 1189/1362/1479 1391/1571/1478 1143/1315/1477
f 1189/1362/1480 921/1087/1467 1144/1316/1468 1391/1571/1481
f 1391/1571/1481 1144/1316/1468 905/1071/1475 1146/1318/1482
f 1143/1315/1477 1391/1571/1478 1146/1318/1483 904/1070/1443
f 139/178/513 1188/1361/1485 1392/1572/1484 392/453/516
f 1188/1361/1485 917/1083/1487 1179/1352/1486 1392/1572/1484
f 788/932/519 787/931/519 1513/1722/1489 1507/1713/1488
f 1413/1599/1490 418/494/523 789/934/524 1508/1715/1491
f 917/1083/1487 1187/1360/1493 1393/1573/1492 1179/1352/1486
f 1187/1360/1493 920/1086/1476 1143/1315/1477 1393/1573/1492
f 1524/1739/1494 1525/1740/1497 1511/1719/1496 1510/1718/1495
f 1392/1572/1484 1179/1352/1486 1502/1703/1499 1514/1723/1498
f 918/1084/1500 1186/1359/1503 1394/1574/1502 1141/1313/1501
f 1186/1359/1503 919/1085/1505 1142/1314/1504 1394/1574/1502
f 1510/1718/1495 1511/1719/1496 1499/1699/1507 1501/1702/1506
f 1523/1737/1441 1172/1345/1442 913/1079/1449 1516/1726/1508
f 916/1082/1472 1185/1358/1510 1395/1575/1509 1178/1351/1471
f 1185/1358/1511 918/1084/1500 1141/1313/1501 1395/1575/1512
f 1395/1575/1512 1141/1313/1501 903/1069/1514 1147/1319/1513
f 1178/1351/1471 1395/1575/1509 1147/1319/1515 902/1068/1474
f 1396/1577/1518 1220/1398/1519 930/1096/1521 1198/1371/1520
f 1218/1395/1516 1396/1577/1517 1198/1371/1523 929/1095/1522
f 1397/1579/1525 1218/1395/1516 929/1095/1522 1206/1379/1526
f 1216/1392/1524 1397/1579/1525 1206/1379/1526 926/1092/1527
f 1398/1581/1530 1216/1392/1524 926/1092/1527 1194/1367/1531
f 1214/1389/1528 1398/1581/1529 1194/1367/1533 925/1091/1532
f 1399/1583/1535 1213/1387/1536 923/1089/1538 1210/1383/1537
f 481/579/1534 1399/1583/1535 1210/1383/1537 153/194/1539
f 1400/1585/1540 1214/1389/1528 925/1091/1532 1204/1377/1541
f 1213/1387/1536 1400/1585/1540 1204/1377/1541 923/1089/1538
f 1401/1587/1542 1222/1401/1394 933/1099/1399 1208/1381/1543
f 1220/1398/1519 1401/1587/1542 1208/1381/1543 930/1096/1521
f 850/1016/1231 1038/1210/1545 1402/1588/1544 1115/1287/1345
f 1038/1210/1545 105/120/1547 394/457/1546 1402/1588/1544
f 1402/1588/1544 394/457/1546 111/132/1549 1116/1288/1548
f 1115/1287/1345 1402/1588/1544 1116/1288/1548 891/1057/1274
f 837/1003/1090 1008/1180/1551 1403/1589/1550 1101/1273/1333
f 1008/1180/1551 102/114/1553 395/459/1552 1403/1589/1550
f 1403/1589/1550 395/459/1552 110/130/1555 1104/1276/1554
f 1101/1273/1333 1403/1589/1550 1104/1276/1554 883/1049/1062
f 826/992/1064 990/1162/1557 1404/1590/1556 1091/1263/1317
f 990/1162/1557 101/112/1559 396/461/1558 1404/1590/1556
f 1404/1590/1556 396/461/1558 109/128/1561 1092/1264/1560
f 1091/1263/1317 1404/1590/1556 1092/1264/1560 879/1045/1139
f 838/1004/1141 1014/1186/1563 1405/1591/1562 1079/1251/1303
f 1014/1186/1563 103/116/1565 397/463/1564 1405/1591/1562
f 1405/1591/1562 397/463/1564 108/126/1567 1080/1252/1566
f 1079/1251/1303 1405/1591/1562 1080/1252/1566 873/1039/1184
f 844/1010/1186 1026/1198/1569 1406/1592/1568 1067/1239/1288
f 1026/1198/1569 104/118/1571 398/465/1570 1406/1592/1568
f 1406/1592/1568 398/465/1570 107/124/1573 1068/1240/1572
f 1067/1239/1288 1406/1592/1568 1068/1240/1572 867/1033/1229
f 891/1057/1274 1116/1288/1548 1407/1593/1574 1061/1233/1273
f 1116/1288/1548 111/132/1549 399/467/1575 1407/1593/1574
f 1407/1593/1574 399/467/1575 106/122/1577 1050/1222/1576
f 1061/1233/1273 1407/1593/1574 1050/1222/1576 856/1022/1276
f 867/1033/1229 1068/1240/1572 1408/1594/1578 1049/1221/1228
f 1068/1240/1572 107/124/1573 400/469/1579 1408/1594/1578
f 1408/1594/1578 400/469/1579 105/120/1547 1038/1210/1545
f 1049/1221/1228 1408/1594/1578 1038/1210/1545 850/1016/1231
f 873/1039/1184 1080/1252/1566 1409/1595/1580 1037/1209/1183
f 1080/1252/1566 108/126/1567 401/471/1581 1409/1595/1580
f 1409/1595/1580 401/471/1581 104/118/1571 1026/1198/1569
f 1037/1209/1183 1409/1595/1580 1026/1198/1569 844/1010/1186
f 879/1045/1139 1092/1264/1560 1410/1596/1582 1025/1197/1138
f 1092/1264/1560 109/128/1561 402/473/1583 1410/1596/1582
f 1410/1596/1582 402/473/1583 103/116/1565 1014/1186/1563
f 1025/1197/1138 1410/1596/1582 1014/1186/1563 838/1004/1141
f 815/976/1003 972/1139/1000 1411/1597/1584 1007/1179/1088
f 972/1139/1000 100/110/1001 403/475/1585 1411/1597/1584
f 1411/1597/1584 403/475/1585 102/114/1553 1008/1180/1551
f 1007/1179/1088 1411/1597/1584 1008/1180/1551 837/1003/1090
f 883/1049/1062 1104/1276/1554 1412/1598/1586 1001/1173/1061
f 1104/1276/1554 110/130/1555 404/477/1587 1412/1598/1586
f 1412/1598/1586 404/477/1587 101/112/1559 990/1162/1557
f 1001/1173/1061 1412/1598/1586 990/1162/1557 826/992/1064
f 919/1085/1505 1184/1357/1588 1413/1599/1490 1142/1314/1504
f 1184/1357/1588 140/180/623 418/494/523 1413/1599/1490
f 898/1064/1589 901/1067/1591 1505/1709/1590 1506/1711/1590 1503/1705/1590 1504/1707/1590
f 1507/1713/1488 1513/1722/1489 1501/1702/1506 1499/1699/1507
f 907/1073/1362 1153/1325/1593 1414/1600/1592 1128/1300/1402
f 1153/1325/1593 128/166/629 419/496/630 1414/1600/1592
f 1414/1600/1592 419/496/630 127/164/631 1124/1296/1594
f 1128/1300/1402 1414/1600/1592 1124/1296/1594 897/1063/1404
f 932/1098/1360 1199/1372/1596 1415/1601/1595 1221/1399/1359
f 1199/1372/1596 155/198/635 491/596/636 1415/1601/1595
f 1415/1601/1595 491/596/636 128/166/629 1153/1325/1593
f 1221/1399/1359 1415/1601/1595 1153/1325/1593 907/1073/1362
f 905/1071/1475 1145/1317/1473 1416/1602/1598 1173/1346/1597
f 1145/1317/1473 902/1068/1474 1140/1312/1599 1416/1602/1598
f 1416/1602/1598 1140/1312/1599 915/1081/1429 1175/1348/1463
f 1173/1346/1597 1416/1602/1598 1175/1348/1463 914/1080/1460
f 904/1070/1443 1146/1318/1483 1417/1603/1600 1172/1345/1442
f 1146/1318/1482 905/1071/1475 1173/1346/1597 1417/1603/1601
f 1417/1603/1601 1173/1346/1597 914/1080/1456 1176/1349/1453
f 1172/1345/1442 1417/1603/1600 1176/1349/1452 913/1079/1449
f 1393/1573/1492 1143/1315/1477 904/1070/1443 1509/1716/1440
f 1524/1739/1494 1515/1725/1446 1518/1730/1447 1525/1740/1497
f 1141/1313/1501 1394/1574/1502 1512/1720/1602 903/1069/1514
f 912/1078/1436 1517/1728/1604 1520/1732/1603 1136/1308/1435
f 902/1068/1474 1147/1319/1515 1418/1604/1605 1140/1312/1599
f 1147/1319/1513 903/1069/1514 1171/1344/1607 1418/1604/1606
f 1418/1604/1606 1171/1344/1607 912/1078/1436 1177/1350/1433
f 1140/1312/1599 1418/1604/1605 1177/1350/1432 915/1081/1429
f 897/1063/1404 1124/1296/1594 1419/1605/1609 1181/1354/1608
f 1124/1296/1594 127/164/631 446/536/650 1419/1605/1609
f 1419/1605/1609 446/536/650 140/180/623 1184/1357/1588
f 1181/1354/1608 1419/1605/1609 1184/1357/1588 919/1085/1505
f 895/1061/1424 1123/1295/1428 1420/1606/1611 1135/1307/1610
f 1123/1295/1427 896/1062/1405 1180/1353/1613 1420/1606/1612
f 1420/1606/1612 1180/1353/1613 918/1084/1500 1185/1358/1511
f 1135/1307/1610 1420/1606/1611 1185/1358/1510 916/1082/1472
f 896/1062/1405 1127/1299/1403 1421/1607/1614 1180/1353/1613
f 1127/1299/1403 897/1063/1404 1181/1354/1608 1421/1607/1614
f 1421/1607/1614 1181/1354/1608 919/1085/1505 1186/1359/1503
f 1180/1353/1613 1421/1607/1614 1186/1359/1503 918/1084/1500
f 892/1058/1412 1125/1297/1410 1422/1608/1616 1137/1309/1615
f 1125/1297/1410 893/1059/1411 1182/1355/1617 1422/1608/1616
f 1422/1608/1616 1182/1355/1617 920/1086/1476 1187/1360/1493
f 1137/1309/1615 1422/1608/1616 1187/1360/1493 917/1083/1487
f 112/134/443 1157/1329/1414 1423/1609/1618 445/534/660
f 1157/1329/1414 892/1058/1412 1137/1309/1615 1423/1609/1618
f 1423/1609/1618 1137/1309/1615 917/1083/1487 1188/1361/1485
f 445/534/660 1423/1609/1618 1188/1361/1485 139/178/513
f 893/1059/1411 1122/1294/1420 1424/1610/1619 1182/1355/1617
f 1122/1294/1418 894/1060/1419 1183/1356/1621 1424/1610/1620
f 1424/1610/1620 1183/1356/1621 921/1087/1467 1189/1362/1480
f 1182/1355/1617 1424/1610/1619 1189/1362/1479 920/1086/1476
f 894/1060/1419 1126/1298/1423 1425/1611/1622 1183/1356/1621
f 1126/1298/1423 895/1061/1424 1135/1307/1610 1425/1611/1622
f 1425/1611/1622 1135/1307/1610 916/1082/1472 1190/1363/1470
f 1183/1356/1621 1425/1611/1622 1190/1363/1470 921/1087/1467
f 927/1093/1371 1192/1365/1368 1426/1612/1624 1191/1364/1623
f 1192/1365/1367 924/1090/1364 1193/1366/1626 1426/1612/1625
f 1426/1612/1625 1193/1366/1626 925/1091/1532 1194/1367/1533
f 1191/1364/1623 1426/1612/1624 1194/1367/1531 926/1092/1527
f 931/1097/1355 1196/1369/1386 1427/1613/1628 1195/1368/1627
f 1196/1369/1385 928/1094/1382 1197/1370/1630 1427/1613/1629
f 1427/1613/1629 1197/1370/1630 929/1095/1522 1198/1371/1523
f 1195/1368/1627 1427/1613/1628 1198/1371/1520 930/1096/1521
f 155/198/635 1199/1372/1596 1428/1614/1632 462/553/1631
f 1199/1372/1596 932/1098/1360 1200/1373/1633 1428/1614/1632
f 1428/1614/1632 1200/1373/1633 933/1099/1399 1201/1374/1397
f 462/553/1631 1428/1614/1632 1201/1374/1397 156/200/1398
f 924/1090/1364 1202/1375/1635 1429/1615/1634 1193/1366/1626
f 1202/1375/1635 922/1088/1379 1203/1376/1636 1429/1615/1634
f 1429/1615/1634 1203/1376/1636 923/1089/1538 1204/1377/1541
f 1193/1366/1626 1429/1615/1634 1204/1377/1541 925/1091/1532
f 928/1094/1382 1205/1378/1392 1430/1616/1637 1197/1370/1630
f 1205/1378/1392 927/1093/1371 1191/1364/1623 1430/1616/1637
f 1430/1616/1637 1191/1364/1623 926/1092/1527 1206/1379/1526
f 1197/1370/1630 1430/1616/1637 1206/1379/1526 929/1095/1522
f 932/1098/1360 1207/1380/1358 1431/1617/1638 1200/1373/1633
f 1207/1380/1358 931/1097/1355 1195/1368/1627 1431/1617/1638
f 1431/1617/1638 1195/1368/1627 930/1096/1521 1208/1381/1543
f 1200/1373/1633 1431/1617/1638 1208/1381/1543 933/1099/1399
f 922/1088/1379 1209/1382/1377 1432/1618/1639 1203/1376/1636
f 1209/1382/1377 154/196/400 474/566/1640 1432/1618/1639
f 1432/1618/1639 474/566/1640 153/194/1539 1210/1383/1537
f 1203/1376/1636 1432/1618/1639 1210/1383/1537 923/1089/1538
f 922/1088/1379 1202/1375/1635 1433/1619/1641 1211/1384/1378
f 1202/1375/1635 924/1090/1364 1212/1385/1365 1433/1619/1641
f 1433/1619/1641 1212/1385/1365 909/1075/1374 1154/1326/1408
f 1211/1384/1378 1433/1619/1641 1154/1326/1408 908/1074/1381
f 957/1123/1642 1275/1454/1645 1434/1620/1644 1270/1449/1643
f 1275/1454/1646 956/1122/1649 1227/1406/1648 1434/1620/1647
f 1434/1620/1647 1227/1406/1648 935/1101/1651 1223/1402/1650
f 1270/1449/1643 1434/1620/1644 1223/1402/1652 934/1100/1652
f 958/1124/1653 1274/1453/1656 1435/1621/1655 1271/1450/1654
f 1274/1453/1656 957/1123/1642 1270/1449/1657 1435/1621/1655
f 1435/1621/1655 1270/1449/1657 934/1100/1659 1225/1404/1658
f 1271/1450/1654 1435/1621/1655 1225/1404/1658 937/1103/1660
f 959/1125/1661 1273/1452/1664 1436/1622/1663 1272/1451/1662
f 1273/1452/1665 958/1124/1653 1271/1450/1667 1436/1622/1666
f 1436/1622/1666 1271/1450/1667 937/1103/1668 1224/1403/1668
f 1272/1451/1662 1436/1622/1663 1224/1403/1670 936/1102/1669
f 939/1105/1671 1236/1415/1674 1492/1688/1673 1269/1448/1672
f 163/208/717 1241/1420/1676 1498/1697/1675 758/885/720
f 1491/1687/1677 1493/1690/1677 1485/1678/1679 1484/1677/1678
f 1488/1683/1680 1477/1665/1682 1476/1663/1682 1489/1684/1681
f 966/1132/1683 1301/1480/1686 1437/1623/1685 1232/1411/1684
f 1301/1480/1686 971/1137/1688 1294/1473/1687 1437/1623/1685
f 1437/1623/1685 1294/1473/1687 943/1109/1689 1236/1415/1674
f 1232/1411/1684 1437/1623/1685 1236/1415/1674 939/1105/1671
f 967/1133/1690 1300/1479/1693 1438/1624/1692 1233/1412/1691
f 1300/1479/1693 970/1136/1695 1293/1472/1694 1438/1624/1692
f 1438/1624/1692 1293/1472/1694 942/1108/1697 1237/1416/1696
f 1233/1412/1691 1438/1624/1692 1237/1416/1696 940/1106/1698
f 971/1137/1688 1299/1478/1700 1439/1625/1699 1294/1473/1687
f 1299/1478/1700 199/252/745 506/613/746 1439/1625/1699
f 1439/1625/1699 506/613/746 168/214/747 1238/1417/1701
f 1294/1473/1687 1439/1625/1699 1238/1417/1701 943/1109/1689
f 970/1136/1695 1298/1477/1703 1440/1626/1702 1293/1472/1694
f 1298/1477/1704 969/1135/1707 1292/1471/1706 1440/1626/1705
f 1440/1626/1705 1292/1471/1706 941/1107/1709 1239/1418/1708
f 1293/1472/1694 1440/1626/1702 1239/1418/1710 942/1108/1697
f 969/1135/1707 1297/1476/1712 1441/1627/1711 1292/1471/1706
f 1297/1476/1712 968/1134/1714 1291/1470/1713 1441/1627/1711
f 1441/1627/1711 1291/1470/1713 938/1104/1716 1240/1419/1715
f 1292/1471/1706 1441/1627/1711 1240/1419/1715 941/1107/1709
f 201/255/764 1296/1475/1718 1442/1628/1717 570/685/767
f 1296/1475/1718 967/1133/1690 1233/1412/1691 1442/1628/1717
f 1442/1628/1717 1233/1412/1691 940/1106/1698 1241/1420/1676
f 570/685/767 1442/1628/1717 1241/1420/1676 163/208/717
f 968/1134/1714 1295/1474/1720 1443/1629/1719 1291/1470/1713
f 1295/1474/1721 966/1132/1683 1232/1411/1684 1443/1629/1722
f 1443/1629/1722 1232/1411/1684 939/1105/1671 1242/1421/1723
f 1291/1470/1713 1443/1629/1719 1242/1421/1724 938/1104/1716
f 960/1126/1725 1288/1467/1728 1444/1630/1727 1276/1455/1726
f 1288/1467/1729 964/1130/1732 1247/1426/1731 1444/1630/1730
f 1444/1630/1730 1247/1426/1731 948/1114/1734 1249/1428/1733
f 1276/1455/1726 1444/1630/1727 1249/1428/1736 944/1110/1735
f 190/241/786 1287/1466/1738 1445/1631/1737 552/664/789
f 1287/1466/1738 965/1131/1740 1248/1427/1739 1445/1631/1737
f 1445/1631/1737 1248/1427/1739 949/1115/1742 1250/1429/1741
f 552/664/789 1445/1631/1737 1250/1429/1741 170/217/794
f 961/1127/1743 1286/1465/1746 1446/1632/1745 1277/1456/1744
f 1286/1465/1746 960/1126/1725 1276/1455/1726 1446/1632/1745
f 1446/1632/1745 1276/1455/1726 944/1110/1735 1251/1430/1747
f 1277/1456/1744 1446/1632/1745 1251/1430/1747 945/1111/1748
f 962/1128/1749 1285/1464/1752 1447/1633/1751 1278/1457/1750
f 1285/1464/1753 961/1127/1743 1277/1456/1744 1447/1633/1754
f 1447/1633/1754 1277/1456/1744 945/1111/1748 1252/1431/1755
f 1278/1457/1750 1447/1633/1751 1252/1431/1757 946/1112/1756
f 963/1129/1758 1284/1463/1761 1448/1634/1760 1279/1458/1759
f 1284/1463/1761 196/248/814 521/630/815 1448/1634/1760
f 1448/1634/1760 521/630/815 176/224/816 1253/1432/1762
f 1279/1458/1759 1448/1634/1760 1253/1432/1762 947/1113/1763
f 965/1131/1740 1283/1462/1765 1449/1635/1764 1248/1427/1739
f 1283/1462/1765 962/1128/1749 1278/1457/1750 1449/1635/1764
f 1449/1635/1764 1278/1457/1750 946/1112/1756 1254/1433/1766
f 1248/1427/1739 1449/1635/1764 1254/1433/1766 949/1115/1742
f 964/1130/1732 1282/1461/1768 1450/1636/1767 1247/1426/1731
f 1282/1461/1768 963/1129/1758 1279/1458/1759 1450/1636/1767
f 1450/1636/1767 1279/1458/1759 947/1113/1763 1255/1434/1769
f 1247/1426/1731 1450/1636/1767 1255/1434/1769 948/1114/1734
f 944/1110/1735 1249/1428/1736 1451/1637/1771 1243/1422/1770
f 1249/1428/1733 948/1114/1734 1256/1435/1773 1451/1637/1772
f 1451/1637/1772 1256/1435/1773 950/1116/1775 1262/1441/1774
f 1243/1422/1770 1451/1637/1771 1262/1441/1777 952/1118/1776
f 170/217/794 1250/1429/1741 1452/1638/1778 515/623/834
f 1250/1429/1741 949/1115/1742 1257/1436/1779 1452/1638/1778
f 1452/1638/1778 1257/1436/1779 951/1117/1781 1263/1442/1780
f 515/623/834 1452/1638/1778 1263/1442/1780 181/231/834
f 945/1111/1748 1251/1430/1747 1453/1639/1783 1244/1423/1782
f 1251/1430/1747 944/1110/1735 1243/1422/1770 1453/1639/1783
f 1453/1639/1783 1243/1422/1770 952/1118/1776 1264/1443/1784
f 1244/1423/1782 1453/1639/1783 1264/1443/1784 953/1119/1785
f 946/1112/1756 1252/1431/1757 1454/1640/1787 1245/1424/1786
f 1252/1431/1755 945/1111/1748 1244/1423/1782 1454/1640/1788
f 1454/1640/1788 1244/1423/1782 953/1119/1785 1265/1444/1789
f 1245/1424/1786 1454/1640/1787 1265/1444/1791 954/1120/1790
f 947/1113/1763 1253/1432/1762 1455/1641/1793 1246/1425/1792
f 1253/1432/1762 176/224/816 531/641/850 1455/1641/1793
f 1455/1641/1793 531/641/850 179/228/851 1266/1445/1794
f 1246/1425/1792 1455/1641/1793 1266/1445/1794 955/1121/1795
f 949/1115/1742 1254/1433/1766 1456/1642/1796 1257/1436/1779
f 1254/1433/1766 946/1112/1756 1245/1424/1786 1456/1642/1796
f 1456/1642/1796 1245/1424/1786 954/1120/1790 1267/1446/1797
f 1257/1436/1779 1456/1642/1796 1267/1446/1797 951/1117/1781
f 948/1114/1734 1255/1434/1769 1457/1643/1798 1256/1435/1773
f 1255/1434/1769 947/1113/1763 1246/1425/1792 1457/1643/1798
f 1457/1643/1798 1246/1425/1792 955/1121/1795 1268/1447/1799
f 1256/1435/1773 1457/1643/1798 1268/1447/1799 950/1116/1775
f 1237/1416/1696 942/1108/1697 1235/1414/1801 1494/1691/1800
f 1495/1693/1802 1497/1696/1805 1481/1672/1804 1480/1671/1803
f 956/1122/1649 1483/1675/1807 1490/1686/1806 1227/1406/1648
f 1238/1417/1701 168/214/747 765/896/866 1496/1694/1808
f 1486/1679/1809 959/1125/1661 1272/1451/1662 1487/1681/1810
f 1236/1415/1674 943/1109/1689 1479/1669/1811 1492/1688/1673
f 1269/1448/1672 1492/1688/1673 1483/1675/1807 956/1122/1649
f 942/1108/1697 1239/1418/1710 1458/1644/1812 1235/1414/1801
f 1239/1418/1708 941/1107/1709 1234/1413/1814 1458/1644/1813
f 1458/1644/1813 1234/1413/1814 958/1124/1653 1273/1452/1665
f 1235/1414/1801 1458/1644/1812 1273/1452/1664 959/1125/1661
f 941/1107/1709 1240/1419/1715 1459/1645/1815 1234/1413/1814
f 1240/1419/1715 938/1104/1716 1231/1410/1816 1459/1645/1815
f 1459/1645/1815 1231/1410/1816 957/1123/1642 1274/1453/1656
f 1234/1413/1814 1459/1645/1815 1274/1453/1656 958/1124/1653
f 1495/1693/1802 764/894/876 759/887/876 1497/1696/1805
f 940/1106/1698 1237/1416/1696 1494/1691/1800 1482/1673/1817
f 938/1104/1716 1242/1421/1724 1460/1646/1818 1231/1410/1816
f 1242/1421/1723 939/1105/1671 1269/1448/1672 1460/1646/1819
f 1460/1646/1819 1269/1448/1672 956/1122/1649 1275/1454/1646
f 1231/1410/1816 1460/1646/1818 1275/1454/1645 957/1123/1642
f 858/1024/1247 1053/1225/1275 1461/1647/1821 1280/1459/1820
f 1053/1225/1275 856/1022/1276 1230/1409/1822 1461/1647/1821
f 1461/1647/1821 1230/1409/1822 963/1129/1758 1282/1461/1768
f 1280/1459/1820 1461/1647/1821 1282/1461/1768 964/1130/1732
f 861/1027/1270 1055/1227/1269 1462/1648/1824 1281/1460/1823
f 1055/1227/1269 859/1025/1263 1229/1408/1825 1462/1648/1824
f 1462/1648/1824 1229/1408/1825 962/1128/1749 1283/1462/1765
f 1281/1460/1823 1462/1648/1824 1283/1462/1765 965/1131/1740
f 856/1022/1276 1050/1222/1576 1463/1649/1826 1230/1409/1822
f 1050/1222/1576 106/122/1577 558/671/887 1463/1649/1826
f 1463/1649/1826 558/671/887 196/248/814 1284/1463/1761
f 1230/1409/1822 1463/1649/1826 1284/1463/1761 963/1129/1758
f 859/1025/1263 1052/1224/1264 1464/1650/1827 1229/1408/1825
f 1052/1224/1262 860/1026/1255 1228/1407/1829 1464/1650/1828
f 1464/1650/1828 1228/1407/1829 961/1127/1743 1285/1464/1753
f 1229/1408/1825 1464/1650/1827 1285/1464/1752 962/1128/1749
f 860/1026/1255 1054/1226/1254 1465/1651/1830 1228/1407/1829
f 1054/1226/1254 857/1023/1248 1226/1405/1831 1465/1651/1830
f 1465/1651/1830 1226/1405/1831 960/1126/1725 1286/1465/1746
f 1228/1407/1829 1465/1651/1830 1286/1465/1746 961/1127/1743
f 121/152/1282 1165/1338/1281 1466/1652/1832 497/603/894
f 1165/1338/1281 861/1027/1270 1281/1460/1823 1466/1652/1832
f 1466/1652/1832 1281/1460/1823 965/1131/1740 1287/1466/1738
f 497/603/894 1466/1652/1832 1287/1466/1738 190/241/786
f 857/1023/1248 1051/1223/1249 1467/1653/1833 1226/1405/1831
f 1051/1223/1246 858/1024/1247 1280/1459/1820 1467/1653/1834
f 1467/1653/1834 1280/1459/1820 964/1130/1732 1288/1467/1729
f 1226/1405/1831 1467/1653/1833 1288/1467/1728 960/1126/1725
f 952/1118/1776 1262/1441/1777 1468/1654/1836 1258/1437/1835
f 1262/1441/1774 950/1116/1775 1289/1468/1838 1468/1654/1837
f 1468/1654/1837 1289/1468/1838 966/1132/1683 1295/1474/1721
f 1258/1437/1835 1468/1654/1836 1295/1474/1720 968/1134/1714
f 181/231/834 1263/1442/1780 1469/1655/1839 533/644/902
f 1263/1442/1780 951/1117/1781 1290/1469/1840 1469/1655/1839
f 1469/1655/1839 1290/1469/1840 967/1133/1690 1296/1475/1718
f 533/644/902 1469/1655/1839 1296/1475/1718 201/255/764
f 953/1119/1785 1264/1443/1784 1470/1656/1842 1259/1438/1841
f 1264/1443/1784 952/1118/1776 1258/1437/1835 1470/1656/1842
f 1470/1656/1842 1258/1437/1835 968/1134/1714 1297/1476/1712
f 1259/1438/1841 1470/1656/1842 1297/1476/1712 969/1135/1707
f 954/1120/1790 1265/1444/1791 1471/1657/1844 1260/1439/1843
f 1265/1444/1789 953/1119/1785 1259/1438/1841 1471/1657/1845
f 1471/1657/1845 1259/1438/1841 969/1135/1707 1298/1477/1704
f 1260/1439/1843 1471/1657/1844 1298/1477/1703 970/1136/1695
f 955/1121/1795 1266/1445/1794 1472/1658/1847 1261/1440/1846
f 1266/1445/1794 179/228/851 568/682/911 1472/1658/1847
f 1472/1658/1847 568/682/911 199/252/745 1299/1478/1700
f 1261/1440/1846 1472/1658/1847 1299/1478/1700 971/1137/1688
f 951/1117/1781 1267/1446/1797 1473/1659/1848 1290/1469/1840
f 1267/1446/1797 954/1120/1790 1260/1439/1843 1473/1659/1848
f 1473/1659/1848 1260/1439/1843 970/1136/1695 1300/1479/1693
f 1290/1469/1840 1473/1659/1848 1300/1479/1693 967/1133/1690
f 950/1116/1775 1268/1447/1799 1474/1660/1849 1289/1468/1838
f 1268/1447/1799 955/1121/1795 1261/1440/1846 1474/1660/1849
f 1474/1660/1849 1261/1440/1846 971/1137/1688 1301/1480/1686
f 1289/1468/1838 1474/1660/1849 1301/1480/1686 966/1132/1683
f 943/1109/1689 1238/1417/1701 1496/1694/1808 1479/1669/1811
f 1491/1687/1850 1480/1671/1803 1481/1672/1804 1493/1690/1850
f 1241/1420/1676 940/1106/1698 1482/1673/1817 1498/1697/1675
f 1488/1683/1680 1489/1684/1681 1484/1677/1678 1485/1678/1679
f 1494/1691/1800 1235/1414/1801 959/1125/1661 1486/1679/1809
f 1487/1681/1810 1272/1451/1662 936/1102/1669 1478/1668/1851
f 1486/1680/1852 1487/1682/1855 1488/1683/1854 1485/1678/1853
f 1477/1665/1856 1488/1683/1854 1487/1682/1855 1478/1667/1856
f 1484/1677/1857 1489/1684/1859 1490/1685/1858 1483/1676/1857
f 1475/1661/1860 1490/1685/1858 1489/1684/1859 1476/1663/1860
f 1480/1671/1861 1491/1687/1864 1492/1689/1863 1479/1670/1862
f 1483/1676/1857 1492/1689/1863 1491/1687/1864 1484/1677/1857
f 1485/1678/1853 1493/1690/1866 1494/1692/1865 1486/1680/1852
f 1482/1674/1867 1494/1692/1865 1493/1690/1866 1481/1672/1868
f 764/894/934 1495/1693/1870 1496/1695/1869 765/897/934
f 1479/1670/1862 1496/1695/1869 1495/1693/1870 1480/1671/1861
f 1481/1672/1868 1497/1696/1872 1498/1698/1871 1482/1674/1867
f 758/886/939 1498/1698/1871 1497/1696/1872 759/887/939
f 1227/1406/1648 1490/1686/1806 1475/1662/1873 935/1101/1651
f 1475/1662/941 1478/1668/941 936/1102/941 935/1101/941
f 935/1101/941 936/1102/941 1224/1403/941 1223/1402/941
f 1223/1402/941 1224/1403/941 937/1103/941 1225/1404/941 934/1100/941
f 1136/1308/1435 1520/1732/1603 1505/1709/1874 901/1067/1438
f 1171/1344/1607 1526/1741/1875 1517/1728/1604 912/1078/1436
f 1516/1726/1508 913/1079/1449 1138/1310/1450 1521/1734/1876
f 903/1069/1514 1512/1720/1602 1526/1741/1875 1171/1344/1607
f 1179/1352/1486 1393/1573/1492 1509/1716/1440 1502/1703/1499
f 1394/1574/1502 1142/1314/1504 1500/1701/1877 1512/1720/1602
f 392/453/516 1392/1572/1484 1514/1723/1498 786/929/946
f 1521/1734/1876 1138/1310/1450 898/1064/1458 1504/1707/1878
f 1132/1304/1879 1133/1305/1880 901/1067/1591 898/1064/1589
f 899/1065/1881 1134/1306/1881 900/1066/1881 1133/1305/1880 1132/1304/1879
f 788/932/951 1507/1713/1883 1508/1714/1882 789/935/951
f 1507/1713/1883 1499/1699/1885 1500/1700/1884 1508/1714/1882
f 1510/1718/1886 1501/1702/1889 1502/1704/1888 1509/1717/1887
f 1499/1699/1885 1511/1719/1891 1512/1721/1890 1500/1700/1884
f 1501/1702/1889 1513/1722/1893 1514/1724/1892 1502/1704/1888
f 1513/1722/1893 787/931/964 786/930/964 1514/1724/1892
f 1518/1730/1894 1519/1731/1897 1520/1733/1896 1517/1729/1895
f 1505/1710/1898 1520/1733/1896 1519/1731/1897 1506/1712/1898
f 1516/1727/1899 1521/1735/1902 1522/1736/1901 1515/1725/1900
f 1503/1706/1903 1522/1736/1901 1521/1735/1902 1504/1708/1903
f 1509/1717/1887 1523/1738/1905 1524/1739/1904 1510/1718/1886
f 1515/1725/1900 1524/1739/1904 1523/1738/1905 1516/1727/1899
f 1511/1719/1891 1525/1740/1907 1526/1742/1906 1512/1721/1890
f 1517/1729/1895 1526/1742/1906 1525/1740/1907 1518/1730/1894
f 1142/1314/1504 1413/1599/1490 1508/1715/1491 1500/1701/1877
f 1478/1668/941 1475/1662/941 1476/1664/941 1477/1666/941
f 757/883/941 756/881/1908 755/879/1908 754/877/941
usemtl crowbarpaint
f 8/11/1 221/280/4 581/696/3 212/269/2
f 212/269/2 581/696/3 222/281/6 9/12/5
f 581/696/3 216/273/8 12/17/7 222/281/6
f 221/280/4 11/16/9 216/273/8 581/696/3
f 4/5/10 219/277/12 582/697/12 208/264/11
f 208/264/11 582/697/12 220/278/14 5/6/13
f 582/697/12 214/271/16 10/14/15 220/278/14
f 219/277/12 7/10/17 214/271/16 582/697/12
f 99/105/18 389/449/21 583/698/20 405/478/19
f 405/478/19 583/698/20 205/259/23 100/107/22
f 583/698/20 206/261/25 2/2/24 205/259/23
f 389/449/21 1/1/26 206/261/25 583/698/20
f 5/6/13 207/262/28 584/699/27 208/264/11
f 208/264/11 584/699/27 209/265/29 4/5/10
f 584/699/30 210/266/33 3/4/32 209/265/31
f 207/262/34 6/8/35 210/266/33 584/699/30
f 9/12/5 211/267/37 585/700/36 212/269/2
f 212/269/2 585/700/36 213/270/38 8/11/1
f 585/700/39 214/271/16 7/10/17 213/270/40
f 211/267/41 10/14/15 214/271/16 585/700/39
f 114/138/42 406/480/45 586/701/44 431/519/43
f 431/519/43 586/701/44 215/272/47 115/140/46
f 586/701/44 216/273/8 11/16/9 215/272/47
f 406/480/45 12/17/7 216/273/8 586/701/44
f 1/1/26 217/274/49 587/702/48 206/261/25
f 206/261/25 587/702/48 218/275/50 2/2/24
f 587/702/48 210/266/33 6/8/35 218/275/50
f 217/274/49 3/4/32 210/266/33 587/702/48
f 11/16/9 489/590/422 659/774/421 215/272/47
f 215/272/47 659/774/421 490/593/423 115/140/46
f 7/10/17 485/584/551 675/791/550 213/270/40
f 213/270/38 675/791/553 487/587/552 8/11/1
f 4/5/10 483/581/559 676/793/558 219/277/12
f 219/277/12 676/793/558 485/584/551 7/10/17
f 3/4/32 479/572/563 677/795/562 209/265/31
f 209/265/29 677/795/564 483/581/559 4/5/10
f 99/105/18 481/576/569 678/797/568 389/449/21
f 389/449/21 678/797/568 478/570/570 1/1/26
f 1/1/26 478/570/570 679/799/574 217/274/49
f 217/274/49 679/799/574 479/572/563 3/4/32
f 8/11/1 487/587/552 680/801/576 221/280/4
f 221/280/4 680/801/576 489/590/422 11/16/9
f 821/984/979 979/1148/982 1302/1481/981 988/1159/980
f 979/1148/982 822/985/984 989/1160/983 1302/1481/981
f 1302/1481/981 989/1160/983 825/990/986 983/1152/985
f 988/1159/980 1302/1481/981 983/1152/985 824/989/987
f 817/978/988 975/1143/990 1303/1482/989 986/1156/989
f 975/1143/990 818/979/992 987/1157/991 1303/1482/989
f 1303/1482/989 987/1157/991 823/987/994 981/1150/993
f 986/1156/989 1303/1482/989 981/1150/993 820/983/995
f 99/106/996 405/479/999 1304/1483/998 1156/1328/997
f 405/479/999 100/109/1001 972/1138/1000 1304/1483/998
f 1304/1483/998 972/1138/1000 815/975/1003 973/1140/1002
f 1156/1328/997 1304/1483/998 973/1140/1002 814/974/1004
f 818/979/992 975/1143/990 1305/1484/1006 974/1141/1005
f 975/1143/990 817/978/988 976/1144/1007 1305/1484/1006
f 1305/1484/1008 976/1144/1011 816/977/1010 977/1145/1009
f 974/1141/1012 1305/1484/1008 977/1145/1009 819/981/1013
f 822/985/984 979/1148/982 1306/1485/1015 978/1146/1014
f 979/1148/982 821/984/979 980/1149/1016 1306/1485/1015
f 1306/1485/1017 980/1149/1018 820/983/995 981/1150/993
f 978/1146/1019 1306/1485/1017 981/1150/993 823/987/994
f 114/138/1020 431/519/1023 1307/1486/1022 1159/1331/1021
f 431/519/1023 115/140/1025 982/1151/1024 1307/1486/1022
f 1307/1486/1022 982/1151/1024 824/989/987 983/1152/985
f 1159/1331/1021 1307/1486/1022 983/1152/985 825/990/986
f 814/974/1004 973/1140/1002 1308/1487/1027 984/1153/1026
f 973/1140/1002 815/975/1003 985/1154/1028 1308/1487/1027
f 1308/1487/1027 985/1154/1028 819/981/1013 977/1145/1009
f 984/1153/1026 1308/1487/1027 977/1145/1009 816/977/1010
f 824/989/987 982/1151/1024 1380/1559/1395 1222/1400/1394
f 982/1151/1024 115/140/1025 490/593/1396 1380/1559/1395
f 820/983/995 980/1149/1018 1396/1576/1517 1218/1394/1516
f 980/1149/1016 821/984/979 1220/1397/1519 1396/1576/1518
f 817/978/988 986/1156/989 1397/1578/1525 1216/1391/1524
f 986/1156/989 820/983/995 1218/1394/1516 1397/1578/1525
f 816/977/1010 976/1144/1011 1398/1580/1529 1214/1388/1528
f 976/1144/1007 817/978/988 1216/1391/1524 1398/1580/1530
f 99/106/996 1156/1328/997 1399/1582/1535 481/578/1534
f 1156/1328/997 814/974/1004 1213/1386/1536 1399/1582/1535
f 814/974/1004 984/1153/1026 1400/1584/1540 1213/1386/1536
f 984/1153/1026 816/977/1010 1214/1388/1528 1400/1584/1540
f 821/984/979 988/1159/980 1401/1586/1542 1220/1397/1519
f 988/1159/980 824/989/987 1222/1400/1394 1401/1586/1542
